#Anno_Riferimento,Tipologia_Amministrazione,Regione_PA,Provincia_PA,Sigla_provincia_PA,Regione_Fornitore,Accordo_Quadro,Lotto,Bene_Servizio,Codice_CPV,Descrizione_CPV,Valore_economico_ordini,N_Ordini,N_PA,N_PO
"2020","COMUNI","LAZIO","ROMA","RM","LAZIO","AQ CARBURANTI RETE - FUEL CARD 1","LOTTO UNICO","CARBURANTI","09130000-9","PETROLIO E DISTILLATI",,"4","4","4"
"2020","COMUNI","LAZIO","RIETI","RI","LAZIO","AQ CARBURANTI RETE - FUEL CARD 1","LOTTO UNICO","CARBURANTI","09130000-9","PETROLIO E DISTILLATI",,"1","1","1"
"2020","COMUNI","LAZIO","VITERBO","VT","LAZIO","AQ CARBURANTI RETE - FUEL CARD 1","LOTTO UNICO","CARBURANTI","09130000-9","PETROLIO E DISTILLATI",,"1","1","1"
"2020","COMUNI","MARCHE","FERMO","FM","LAZIO","AQ CARBURANTI RETE - FUEL CARD 1","LOTTO UNICO","CARBURANTI","09130000-9","PETROLIO E DISTILLATI",,"1","1","1"
"2020","COMUNI","MARCHE","ANCONA","AN","LAZIO","AQ CARBURANTI RETE - FUEL CARD 1","LOTTO UNICO","CARBURANTI","09130000-9","PETROLIO E DISTILLATI",,"4","2","3"
"2020","COMUNI","MARCHE","ASCOLI PICENO","AP","LAZIO","AQ CARBURANTI RETE - FUEL CARD 1","LOTTO UNICO","CARBURANTI","09130000-9","PETROLIO E DISTILLATI",,"2","1","2"
"2020","COMUNI","MOLISE","ISERNIA","IS","LAZIO","AQ CARBURANTI RETE - FUEL CARD 1","LOTTO UNICO","CARBURANTI","09130000-9","PETROLIO E DISTILLATI",,"1","1","1"
"2020","COMUNI","MOLISE","CAMPOBASSO","CB","LAZIO","AQ CARBURANTI RETE - FUEL CARD 1","LOTTO UNICO","CARBURANTI","09130000-9","PETROLIO E DISTILLATI",,"2","2","2"
"2020","COMUNI","PUGLIA","BARI","BA","LAZIO","AQ CARBURANTI RETE - FUEL CARD 1","LOTTO UNICO","CARBURANTI","09130000-9","PETROLIO E DISTILLATI",,"5","5","5"
"2020","COMUNI","PUGLIA","LECCE","LE","LAZIO","AQ CARBURANTI RETE - FUEL CARD 1","LOTTO UNICO","CARBURANTI","09130000-9","PETROLIO E DISTILLATI",,"3","3","3"
"2020","COMUNI","PUGLIA","TARANTO","TA","LAZIO","AQ CARBURANTI RETE - FUEL CARD 1","LOTTO UNICO","CARBURANTI","09130000-9","PETROLIO E DISTILLATI",,"4","3","4"
"2020","COMUNI","PUGLIA","BRINDISI","BR","LAZIO","AQ CARBURANTI RETE - FUEL CARD 1","LOTTO UNICO","CARBURANTI","09130000-9","PETROLIO E DISTILLATI",,"1","1","1"
"2020","COMUNI","PUGLIA","BARLETTA-ANDRIA-TRANI","BT","LAZIO","AQ CARBURANTI RETE - FUEL CARD 1","LOTTO UNICO","CARBURANTI","09130000-9","PETROLIO E DISTILLATI",,"1","1","1"
"2020","COMUNI","UMBRIA","TERNI","TR","LAZIO","AQ CARBURANTI RETE - FUEL CARD 1","LOTTO UNICO","CARBURANTI","09130000-9","PETROLIO E DISTILLATI",,"1","1","1"
"2020","COMUNI","UMBRIA","PERUGIA","PG","LAZIO","AQ CARBURANTI RETE - FUEL CARD 1","LOTTO UNICO","CARBURANTI","09130000-9","PETROLIO E DISTILLATI",,"5","1","1"
"2020","COMUNI","VENETO","PADOVA","PD","LAZIO","AQ CARBURANTI RETE - FUEL CARD 1","LOTTO UNICO","CARBURANTI","09130000-9","PETROLIO E DISTILLATI",,"2","2","2"
"2020","COMUNI","VENETO","ROVIGO","RO","LAZIO","AQ CARBURANTI RETE - FUEL CARD 1","LOTTO UNICO","CARBURANTI","09130000-9","PETROLIO E DISTILLATI",,"2","2","2"
"2020","COMUNI","VENETO","VERONA","VR","LAZIO","AQ CARBURANTI RETE - FUEL CARD 1","LOTTO UNICO","CARBURANTI","09130000-9","PETROLIO E DISTILLATI",,"3","3","3"
"2020","COMUNI","VENETO","BELLUNO","BL","LAZIO","AQ CARBURANTI RETE - FUEL CARD 1","LOTTO UNICO","CARBURANTI","09130000-9","PETROLIO E DISTILLATI",,"3","3","3"
"2020","COMUNI","VENETO","TREVISO","TV","LAZIO","AQ CARBURANTI RETE - FUEL CARD 1","LOTTO UNICO","CARBURANTI","09130000-9","PETROLIO E DISTILLATI",,"2","2","2"
"2020","COMUNI","VENETO","VENEZIA","VE","LAZIO","AQ CARBURANTI RETE - FUEL CARD 1","LOTTO UNICO","CARBURANTI","09130000-9","PETROLIO E DISTILLATI",,"3","3","3"
"2020","COMUNI","VENETO","VICENZA","VI","LAZIO","AQ CARBURANTI RETE - FUEL CARD 1","LOTTO UNICO","CARBURANTI","09130000-9","PETROLIO E DISTILLATI",,"2","2","2"
"2020","COMUNI","ABRUZZO","TERAMO","TE","LAZIO","AQ CARBURANTI RETE - FUEL CARD 1","LOTTO UNICO","CARBURANTI","09130000-9","PETROLIO E DISTILLATI",,"1","1","1"
"2020","COMUNI","ABRUZZO","PESCARA","PE","LAZIO","AQ CARBURANTI RETE - FUEL CARD 1","LOTTO UNICO","CARBURANTI","09130000-9","PETROLIO E DISTILLATI",,"1","1","1"
"2020","COMUNI","ABRUZZO","L'AQUILA","AQ","LAZIO","AQ CARBURANTI RETE - FUEL CARD 1","LOTTO UNICO","CARBURANTI","09130000-9","PETROLIO E DISTILLATI",,"1","1","1"
"2020","COMUNI","SICILIA","CATANIA","CT","LAZIO","AQ CARBURANTI RETE - FUEL CARD 1","LOTTO UNICO","CARBURANTI","09130000-9","PETROLIO E DISTILLATI",,"2","2","2"
"2020","COMUNI","SICILIA","MESSINA","ME","LAZIO","AQ CARBURANTI RETE - FUEL CARD 1","LOTTO UNICO","CARBURANTI","09130000-9","PETROLIO E DISTILLATI",,"6","3","4"
"2020","COMUNI","SICILIA","PALERMO","PA","LAZIO","AQ CARBURANTI RETE - FUEL CARD 1","LOTTO UNICO","CARBURANTI","09130000-9","PETROLIO E DISTILLATI",,"3","3","3"
"2020","COMUNI","SICILIA","TRAPANI","TP","LAZIO","AQ CARBURANTI RETE - FUEL CARD 1","LOTTO UNICO","CARBURANTI","09130000-9","PETROLIO E DISTILLATI",,"1","1","1"
"2020","COMUNI","SICILIA","SIRACUSA","SR","LAZIO","AQ CARBURANTI RETE - FUEL CARD 1","LOTTO UNICO","CARBURANTI","09130000-9","PETROLIO E DISTILLATI",,"4","2","4"
"2020","COMUNI","SICILIA","AGRIGENTO","AG","LAZIO","AQ CARBURANTI RETE - FUEL CARD 1","LOTTO UNICO","CARBURANTI","09130000-9","PETROLIO E DISTILLATI",,"1","1","1"
"2020","COMUNI","SICILIA","CALTANISSETTA","CL","LAZIO","AQ CARBURANTI RETE - FUEL CARD 1","LOTTO UNICO","CARBURANTI","09130000-9","PETROLIO E DISTILLATI",,"1","1","1"
"2020","COMUNI","TOSCANA","SIENA","SI","LAZIO","AQ CARBURANTI RETE - FUEL CARD 1","LOTTO UNICO","CARBURANTI","09130000-9","PETROLIO E DISTILLATI",,"3","1","3"
"2020","COMUNI","TOSCANA","FIRENZE","FI","LAZIO","AQ CARBURANTI RETE - FUEL CARD 1","LOTTO UNICO","CARBURANTI","09130000-9","PETROLIO E DISTILLATI",,"1","1","1"
"2020","COMUNI","TOSCANA","PISTOIA","PT","LAZIO","AQ CARBURANTI RETE - FUEL CARD 1","LOTTO UNICO","CARBURANTI","09130000-9","PETROLIO E DISTILLATI",,"1","1","1"
"2020","COMUNI","CALABRIA","COSENZA","CS","LAZIO","AQ CARBURANTI RETE - FUEL CARD 1","LOTTO UNICO","CARBURANTI","09130000-9","PETROLIO E DISTILLATI",,"8","7","7"
"2020","COMUNI","CALABRIA","CROTONE","KR","LAZIO","AQ CARBURANTI RETE - FUEL CARD 1","LOTTO UNICO","CARBURANTI","09130000-9","PETROLIO E DISTILLATI",,"1","1","1"
"2020","COMUNI","CALABRIA","CATANZARO","CZ","LAZIO","AQ CARBURANTI RETE - FUEL CARD 1","LOTTO UNICO","CARBURANTI","09130000-9","PETROLIO E DISTILLATI",,"4","4","4"
"2020","COMUNI","CALABRIA","VIBO VALENTIA","VV","LAZIO","AQ CARBURANTI RETE - FUEL CARD 1","LOTTO UNICO","CARBURANTI","09130000-9","PETROLIO E DISTILLATI",,"4","4","4"
"2020","COMUNI","CALABRIA","REGGIO DI CALABRIA","RC","LAZIO","AQ CARBURANTI RETE - FUEL CARD 1","LOTTO UNICO","CARBURANTI","09130000-9","PETROLIO E DISTILLATI",,"2","2","2"
"2020","COMUNI","CAMPANIA","NAPOLI","NA","LAZIO","AQ CARBURANTI RETE - FUEL CARD 1","LOTTO UNICO","CARBURANTI","09130000-9","PETROLIO E DISTILLATI",,"2","2","2"
"2020","COMUNI","CAMPANIA","CASERTA","CE","LAZIO","AQ CARBURANTI RETE - FUEL CARD 1","LOTTO UNICO","CARBURANTI","09130000-9","PETROLIO E DISTILLATI",,"1","1","1"
"2020","COMUNI","CAMPANIA","SALERNO","SA","LAZIO","AQ CARBURANTI RETE - FUEL CARD 1","LOTTO UNICO","CARBURANTI","09130000-9","PETROLIO E DISTILLATI",,"1","1","1"
"2020","COMUNI","CAMPANIA","AVELLINO","AV","LAZIO","AQ CARBURANTI RETE - FUEL CARD 1","LOTTO UNICO","CARBURANTI","09130000-9","PETROLIO E DISTILLATI",,"3","3","3"
"2020","COMUNI","CAMPANIA","BENEVENTO","BN","LAZIO","AQ CARBURANTI RETE - FUEL CARD 1","LOTTO UNICO","CARBURANTI","09130000-9","PETROLIO E DISTILLATI",,"2","2","2"
"2020","COMUNI","PIEMONTE","ASTI","AT","LAZIO","AQ CARBURANTI RETE - FUEL CARD 1","LOTTO UNICO","CARBURANTI","09130000-9","PETROLIO E DISTILLATI",,"1","1","1"
"2020","COMUNI","PIEMONTE","CUNEO","CN","LAZIO","AQ CARBURANTI RETE - FUEL CARD 1","LOTTO UNICO","CARBURANTI","09130000-9","PETROLIO E DISTILLATI",,"7","7","7"
"2020","COMUNI","PIEMONTE","BIELLA","BI","LAZIO","AQ CARBURANTI RETE - FUEL CARD 1","LOTTO UNICO","CARBURANTI","09130000-9","PETROLIO E DISTILLATI",,"2","2","2"
"2020","COMUNI","PIEMONTE","TORINO","TO","LAZIO","AQ CARBURANTI RETE - FUEL CARD 1","LOTTO UNICO","CARBURANTI","09130000-9","PETROLIO E DISTILLATI",,"10","10","10"
"2020","COMUNI","PIEMONTE","VERCELLI","VC","LAZIO","AQ CARBURANTI RETE - FUEL CARD 1","LOTTO UNICO","CARBURANTI","09130000-9","PETROLIO E DISTILLATI",,"2","2","2"
"2020","COMUNI","PIEMONTE","ALESSANDRIA","AL","LAZIO","AQ CARBURANTI RETE - FUEL CARD 1","LOTTO UNICO","CARBURANTI","09130000-9","PETROLIO E DISTILLATI",,"2","2","2"
"2020","COMUNI","PIEMONTE","VERBANO-CUSIO-OSSOLA","VB","LAZIO","AQ CARBURANTI RETE - FUEL CARD 1","LOTTO UNICO","CARBURANTI","09130000-9","PETROLIO E DISTILLATI",,"2","2","2"
"2020","COMUNI","SARDEGNA","SASSARI","SS","LAZIO","AQ CARBURANTI RETE - FUEL CARD 1","LOTTO UNICO","CARBURANTI","09130000-9","PETROLIO E DISTILLATI",,"1","1","1"
"2020","COMUNI","SARDEGNA","ORISTANO","OR","LAZIO","AQ CARBURANTI RETE - FUEL CARD 1","LOTTO UNICO","CARBURANTI","09130000-9","PETROLIO E DISTILLATI",,"4","4","4"
"2020","COMUNI","SARDEGNA","OGLIASTRA","OG","LAZIO","AQ CARBURANTI RETE - FUEL CARD 1","LOTTO UNICO","CARBURANTI","09130000-9","PETROLIO E DISTILLATI",,"2","2","2"
"2020","COMUNI","SARDEGNA","SUD SARDEGNA","SU","LAZIO","AQ CARBURANTI RETE - FUEL CARD 1","LOTTO UNICO","CARBURANTI","09130000-9","PETROLIO E DISTILLATI",,"4","4","4"
"2020","COMUNI","LOMBARDIA","COMO","CO","LAZIO","AQ CARBURANTI RETE - FUEL CARD 1","LOTTO UNICO","CARBURANTI","09130000-9","PETROLIO E DISTILLATI",,"3","2","2"
"2020","COMUNI","LOMBARDIA","LODI","LO","LAZIO","AQ CARBURANTI RETE - FUEL CARD 1","LOTTO UNICO","CARBURANTI","09130000-9","PETROLIO E DISTILLATI",,"2","2","2"
"2020","COMUNI","LOMBARDIA","LECCO","LC","LAZIO","AQ CARBURANTI RETE - FUEL CARD 1","LOTTO UNICO","CARBURANTI","09130000-9","PETROLIO E DISTILLATI",,"1","1","1"
"2020","COMUNI","LOMBARDIA","PAVIA","PV","LAZIO","AQ CARBURANTI RETE - FUEL CARD 1","LOTTO UNICO","CARBURANTI","09130000-9","PETROLIO E DISTILLATI",,"3","3","3"
"2020","COMUNI","LOMBARDIA","MILANO","MI","LAZIO","AQ CARBURANTI RETE - FUEL CARD 1","LOTTO UNICO","CARBURANTI","09130000-9","PETROLIO E DISTILLATI",,"1","1","1"
"2020","COMUNI","LOMBARDIA","VARESE","VA","LAZIO","AQ CARBURANTI RETE - FUEL CARD 1","LOTTO UNICO","CARBURANTI","09130000-9","PETROLIO E DISTILLATI",,"3","3","3"
"2020","COMUNI","LOMBARDIA","BERGAMO","BG","LAZIO","AQ CARBURANTI RETE - FUEL CARD 1","LOTTO UNICO","CARBURANTI","09130000-9","PETROLIO E DISTILLATI",,"3","3","3"
"2020","COMUNI","LOMBARDIA","BRESCIA","BS","LAZIO","AQ CARBURANTI RETE - FUEL CARD 1","LOTTO UNICO","CARBURANTI","09130000-9","PETROLIO E DISTILLATI",,"4","4","4"
"2020","COMUNI","LOMBARDIA","CREMONA","CR","LAZIO","AQ CARBURANTI RETE - FUEL CARD 1","LOTTO UNICO","CARBURANTI","09130000-9","PETROLIO E DISTILLATI",,"1","1","1"
"2020","COMUNI","LOMBARDIA","MANTOVA","MN","LAZIO","AQ CARBURANTI RETE - FUEL CARD 1","LOTTO UNICO","CARBURANTI","09130000-9","PETROLIO E DISTILLATI",,"2","1","1"
"2020","COMUNI","LOMBARDIA","SONDRIO","SO","LAZIO","AQ CARBURANTI RETE - FUEL CARD 1","LOTTO UNICO","CARBURANTI","09130000-9","PETROLIO E DISTILLATI",,"2","2","2"
"2020","COMUNI","LOMBARDIA","MONZA E DELLA BRIANZA","MB","LAZIO","AQ CARBURANTI RETE - FUEL CARD 1","LOTTO UNICO","CARBURANTI","09130000-9","PETROLIO E DISTILLATI",,"1","1","1"
"2020","COMUNI","BASILICATA","MATERA","MT","LAZIO","AQ CARBURANTI RETE - FUEL CARD 1","LOTTO UNICO","CARBURANTI","09130000-9","PETROLIO E DISTILLATI",,"2","2","2"
"2020","COMUNI","BASILICATA","POTENZA","PZ","LAZIO","AQ CARBURANTI RETE - FUEL CARD 1","LOTTO UNICO","CARBURANTI","09130000-9","PETROLIO E DISTILLATI",,"4","4","4"
"2020","COMUNI","VALLE D'AOSTA","AOSTA","AO","LAZIO","AQ CARBURANTI RETE - FUEL CARD 1","LOTTO UNICO","CARBURANTI","09130000-9","PETROLIO E DISTILLATI",,"2","2","2"
"2020","COMUNI","EMILIA ROMAGNA","RIMINI","RN","LAZIO","AQ CARBURANTI RETE - FUEL CARD 1","LOTTO UNICO","CARBURANTI","09130000-9","PETROLIO E DISTILLATI",,"1","1","1"
"2020","COMUNI","EMILIA ROMAGNA","BOLOGNA","BO","LAZIO","AQ CARBURANTI RETE - FUEL CARD 1","LOTTO UNICO","CARBURANTI","09130000-9","PETROLIO E DISTILLATI",,"3","3","3"
"2020","COMUNI","EMILIA ROMAGNA","FERRARA","FE","LAZIO","AQ CARBURANTI RETE - FUEL CARD 1","LOTTO UNICO","CARBURANTI","09130000-9","PETROLIO E DISTILLATI",,"4","3","3"
"2020","COMUNI","EMILIA ROMAGNA","REGGIO NELL'EMILIA","RE","LAZIO","AQ CARBURANTI RETE - FUEL CARD 1","LOTTO UNICO","CARBURANTI","09130000-9","PETROLIO E DISTILLATI",,"2","2","2"
"2020","COMUNI","TRENTINO ALTO ADIGE","TRENTO","TN","LAZIO","AQ CARBURANTI RETE - FUEL CARD 1","LOTTO UNICO","CARBURANTI","09130000-9","PETROLIO E DISTILLATI",,"2","2","2"
"2020","COMUNI","TRENTINO ALTO ADIGE","BOLZANO/BOZEN","BZ","LAZIO","AQ CARBURANTI RETE - FUEL CARD 1","LOTTO UNICO","CARBURANTI","09130000-9","PETROLIO E DISTILLATI",,"1","1","1"
"2020","COMUNI","FRIULI VENEZIA GIULIA","UDINE","UD","LAZIO","AQ CARBURANTI RETE - FUEL CARD 1","LOTTO UNICO","CARBURANTI","09130000-9","PETROLIO E DISTILLATI",,"2","2","2"
"2020","COMUNI","FRIULI VENEZIA GIULIA","GORIZIA","GO","LAZIO","AQ CARBURANTI RETE - FUEL CARD 1","LOTTO UNICO","CARBURANTI","09130000-9","PETROLIO E DISTILLATI",,"2","2","2"
"2020","COMUNI","FRIULI VENEZIA GIULIA","PORDENONE","PN","LAZIO","AQ CARBURANTI RETE - FUEL CARD 1","LOTTO UNICO","CARBURANTI","09130000-9","PETROLIO E DISTILLATI",,"1","1","1"
"2020","REGIONI","VENETO","VENEZIA","VE","LAZIO","AQ CARBURANTI RETE - FUEL CARD 1","LOTTO UNICO","CARBURANTI","09130000-9","PETROLIO E DISTILLATI",,"1","1","1"
"2020","REGIONI","PIEMONTE","TORINO","TO","LAZIO","AQ CARBURANTI RETE - FUEL CARD 1","LOTTO UNICO","CARBURANTI","09130000-9","PETROLIO E DISTILLATI",,"1","1","1"
"2020","REGIONI","VALLE D'AOSTA","AOSTA","AO","LAZIO","AQ CARBURANTI RETE - FUEL CARD 1","LOTTO UNICO","CARBURANTI","09130000-9","PETROLIO E DISTILLATI",,"1","1","1"
"2020","ISTITUTI/ENTI DI RICERCA","LAZIO","ROMA","RM","LAZIO","AQ CARBURANTI RETE - FUEL CARD 1","LOTTO UNICO","CARBURANTI","09130000-9","PETROLIO E DISTILLATI",,"1","1","1"
"2020","ISTITUTI/ENTI DI RICERCA","LAZIO","ROMA","RM","PIEMONTE","AQ TRASFERTE DI LAVORO 3","SERVIZI DI GESTIONE INTEGRATA DELLE TRASFERTE DI LAVORO PER LE 첔MMINISTRAZIONI DIVERSE DA MINISTERI E ORGANI DELLO STATO","SERVIZI DI GESTIONE INTEGRATA DELLE TRASFERTE DI LAVORO","63510000-7","SERVIZI DI AGENZIE DI VIAGGI E SERVIZI AFFINI","115706,25","1","1","1"
"2020","ASSOCIAZIONI E FONDAZIONI","TOSCANA","LUCCA","LU","LAZIO","AQ CARBURANTI RETE - FUEL CARD 1","LOTTO UNICO","CARBURANTI","09130000-9","PETROLIO E DISTILLATI",,"1","1","1"
"2020","ASSOCIAZIONI E FONDAZIONI","PIEMONTE","TORINO","TO","LAZIO","AQ CARBURANTI RETE - FUEL CARD 1","LOTTO UNICO","CARBURANTI","09130000-9","PETROLIO E DISTILLATI",,"1","1","1"
"2020","ASSOCIAZIONI E FONDAZIONI","SARDEGNA","SUD SARDEGNA","SU","LAZIO","AQ CARBURANTI RETE - FUEL CARD 1","LOTTO UNICO","CARBURANTI","09130000-9","PETROLIO E DISTILLATI",,"1","1","1"
"2020","UNIVERSITA' E POLITECNICI","PUGLIA","BARI","BA","LAZIO","AQ CARBURANTI RETE - FUEL CARD 1","LOTTO UNICO","CARBURANTI","09130000-9","PETROLIO E DISTILLATI",,"2","1","2"
"2020","UNIVERSITA' E POLITECNICI","VENETO","PADOVA","PD","LAZIO","AQ CARBURANTI RETE - FUEL CARD 1","LOTTO UNICO","CARBURANTI","09130000-9","PETROLIO E DISTILLATI",,"2","1","2"
"2020","UNIVERSITA' E POLITECNICI","LOMBARDIA","PAVIA","PV","LAZIO","AQ CARBURANTI RETE - FUEL CARD 1","LOTTO UNICO","CARBURANTI","09130000-9","PETROLIO E DISTILLATI",,"1","1","1"
"2020","UNIVERSITA' E POLITECNICI","LOMBARDIA","MILANO","MI","LAZIO","AQ CARBURANTI RETE - FUEL CARD 1","LOTTO UNICO","CARBURANTI","09130000-9","PETROLIO E DISTILLATI",,"1","1","1"
"2020","UNIVERSITA' E POLITECNICI","LOMBARDIA","MILANO","MI","PIEMONTE","AQ TRASFERTE DI LAVORO 3","SERVIZI DI GESTIONE INTEGRATA DELLE TRASFERTE DI LAVORO PER LE 첔MMINISTRAZIONI DIVERSE DA MINISTERI E ORGANI DELLO STATO","SERVIZI DI GESTIONE INTEGRATA DELLE TRASFERTE DI LAVORO","63510000-7","SERVIZI DI AGENZIE DI VIAGGI E SERVIZI AFFINI","81600","1","1","1"
"2020","MINISTERI E AGENZIE FISCALI","LAZIO","ROMA","RM","LAZIO","AQ CARBURANTI RETE - FUEL CARD 1","LOTTO UNICO","CARBURANTI","09130000-9","PETROLIO E DISTILLATI",,"3","3","3"
"2020","MINISTERI E AGENZIE FISCALI","PUGLIA","LECCE","LE","LAZIO","AQ CARBURANTI RETE - FUEL CARD 1","LOTTO UNICO","CARBURANTI","09130000-9","PETROLIO E DISTILLATI",,"1","1","1"
"2020","MINISTERI E AGENZIE FISCALI","UMBRIA","TERNI","TR","LAZIO","AQ CARBURANTI RETE - FUEL CARD 1","LOTTO UNICO","CARBURANTI","09130000-9","PETROLIO E DISTILLATI",,"1","1","1"
"2020","MINISTERI E AGENZIE FISCALI","UMBRIA","PERUGIA","PG","LAZIO","AQ CARBURANTI RETE - FUEL CARD 1","LOTTO UNICO","CARBURANTI","09130000-9","PETROLIO E DISTILLATI",,"1","1","1"
"2020","MINISTERI E AGENZIE FISCALI","VENETO","PADOVA","PD","LAZIO","AQ CARBURANTI RETE - FUEL CARD 1","LOTTO UNICO","CARBURANTI","09130000-9","PETROLIO E DISTILLATI",,"1","1","1"
"2020","MINISTERI E AGENZIE FISCALI","ABRUZZO","L'AQUILA","AQ","LAZIO","AQ CARBURANTI RETE - FUEL CARD 1","LOTTO UNICO","CARBURANTI","09130000-9","PETROLIO E DISTILLATI",,"1","1","1"
"2020","MINISTERI E AGENZIE FISCALI","SICILIA","AGRIGENTO","AG","LAZIO","AQ CARBURANTI RETE - FUEL CARD 1","LOTTO UNICO","CARBURANTI","09130000-9","PETROLIO E DISTILLATI",,"1","1","1"
"2020","MINISTERI E AGENZIE FISCALI","TOSCANA","FIRENZE","FI","LAZIO","AQ CARBURANTI RETE - FUEL CARD 1","LOTTO UNICO","CARBURANTI","09130000-9","PETROLIO E DISTILLATI",,"3","2","3"
"2020","MINISTERI E AGENZIE FISCALI","PIEMONTE","TORINO","TO","LAZIO","AQ CARBURANTI RETE - FUEL CARD 1","LOTTO UNICO","CARBURANTI","09130000-9","PETROLIO E DISTILLATI",,"1","1","1"
"2020","MINISTERI E AGENZIE FISCALI","PIEMONTE","VERBANO-CUSIO-OSSOLA","VB","LAZIO","AQ CARBURANTI RETE - FUEL CARD 1","LOTTO UNICO","CARBURANTI","09130000-9","PETROLIO E DISTILLATI",,"1","1","1"
"2020","MINISTERI E AGENZIE FISCALI","SARDEGNA","CAGLIARI","CA","LAZIO","AQ CARBURANTI RETE - FUEL CARD 1","LOTTO UNICO","CARBURANTI","09130000-9","PETROLIO E DISTILLATI",,"4","1","4"
"2020","MINISTERI E AGENZIE FISCALI","LOMBARDIA","LODI","LO","LAZIO","AQ CARBURANTI RETE - FUEL CARD 1","LOTTO UNICO","CARBURANTI","09130000-9","PETROLIO E DISTILLATI",,"1","1","1"
"2020","MINISTERI E AGENZIE FISCALI","LOMBARDIA","PAVIA","PV","LAZIO","AQ CARBURANTI RETE - FUEL CARD 1","LOTTO UNICO","CARBURANTI","09130000-9","PETROLIO E DISTILLATI",,"1","1","1"
"2020","MINISTERI E AGENZIE FISCALI","LOMBARDIA","MILANO","MI","LAZIO","AQ CARBURANTI RETE - FUEL CARD 1","LOTTO UNICO","CARBURANTI","09130000-9","PETROLIO E DISTILLATI",,"2","2","2"
"2020","MINISTERI E AGENZIE FISCALI","LOMBARDIA","VARESE","VA","LAZIO","AQ CARBURANTI RETE - FUEL CARD 1","LOTTO UNICO","CARBURANTI","09130000-9","PETROLIO E DISTILLATI",,"1","1","1"
"2020","MINISTERI E AGENZIE FISCALI","BASILICATA","POTENZA","PZ","LAZIO","AQ CARBURANTI RETE - FUEL CARD 1","LOTTO UNICO","CARBURANTI","09130000-9","PETROLIO E DISTILLATI",,"1","1","1"
"2020","MINISTERI E AGENZIE FISCALI","EMILIA ROMAGNA","BOLOGNA","BO","LAZIO","AQ CARBURANTI RETE - FUEL CARD 1","LOTTO UNICO","CARBURANTI","09130000-9","PETROLIO E DISTILLATI",,"3","1","1"
"2020","MINISTERI E AGENZIE FISCALI","LAZIO","ROMA","RM","PIEMONTE","AQ TRASFERTE DI LAVORO 3","SERVIZI DI GESTIONE INTEGRATA DELLE TRASFERTE DI LAVORO PER LE 첔MMINISTRAZIONI DIVERSE DA MINISTERI E ORGANI DELLO STATO","SERVIZI DI GESTIONE INTEGRATA DELLE TRASFERTE DI LAVORO","63510000-7","SERVIZI DI AGENZIE DI VIAGGI E SERVIZI AFFINI","191240,34","1","1","1"
"2020","MINISTERI E AGENZIE FISCALI","LAZIO","ROMA","RM","LOMBARDIA","AQ TRASFERTE DI LAVORO 3","SERVIZI DI GESTIONE INTEGRATA DELLE TRASFERTE DI LAVORO PER 첤INISTERI E ORGANI DELLO STATO","SERVIZI DI GESTIONE INTEGRATA DELLE TRASFERTE DI LAVORO","63510000-7","SERVIZI DI AGENZIE DI VIAGGI E SERVIZI AFFINI","270027","2","2","2"
"2020","ENTI, ISTITUTI E FONDI PREVIDENZIALI","LAZIO","ROMA","RM","LAZIO","AQ CARBURANTI RETE - FUEL CARD 1","LOTTO UNICO","CARBURANTI","09130000-9","PETROLIO E DISTILLATI",,"3","1","2"
"2020","AZIENDE SANITARIE LOCALI E PROVINCIALI","LAZIO","ROMA","RM","LAZIO","AQ STENT VASCOLARI 1","RICOPERTI ESPANDIBILI SU PALLONE","STENT (DISPOSITIVI MEDICI IMPIANTABILI)","33184000-3","APPARECCHI PROTESICI","114500","2","1","1"
"2020","AZIENDE SANITARIE LOCALI E PROVINCIALI","PUGLIA","BARLETTA-ANDRIA-TRANI","BT","LAZIO","AQ STENT VASCOLARI 1","RICOPERTI ESPANDIBILI SU PALLONE","STENT (DISPOSITIVI MEDICI IMPIANTABILI)","33184000-3","APPARECCHI PROTESICI","49920","1","1","1"
"2020","AZIENDE SANITARIE LOCALI E PROVINCIALI","ABRUZZO","PESCARA","PE","LAZIO","AQ CARBURANTI RETE - FUEL CARD 1","LOTTO UNICO","CARBURANTI","09130000-9","PETROLIO E DISTILLATI",,"1","1","1"
"2020","AZIENDE SANITARIE LOCALI E PROVINCIALI","TRENTINO ALTO ADIGE","TRENTO","TN","LAZIO","AQ CARBURANTI RETE - FUEL CARD 1","LOTTO UNICO","CARBURANTI","09130000-9","PETROLIO E DISTILLATI",,"1","1","1"
"2020","AZIENDE SANITARIE LOCALI E PROVINCIALI","LAZIO","ROMA","RM","VENETO","AQ STENT VASCOLARI 1","RICOPERTI AUTOESPANDIBILI","STENT (DISPOSITIVI MEDICI IMPIANTABILI)","33184000-3","APPARECCHI PROTESICI","46000","1","1","1"
"2020","AZIENDE SANITARIE LOCALI E PROVINCIALI","PUGLIA","BARLETTA-ANDRIA-TRANI","BT","VENETO","AQ STENT VASCOLARI 1","RICOPERTI AUTOESPANDIBILI","STENT (DISPOSITIVI MEDICI IMPIANTABILI)","33184000-3","APPARECCHI PROTESICI","71760","1","1","1"
"2020","AZIENDE SANITARIE LOCALI E PROVINCIALI","LAZIO","ROMA","RM","PIEMONTE","AQ STENT VASCOLARI 1","BMS AUTOESPANDIBILE CAROTIDEO AD ELEVATA COPERTURA DI PLACCA","STENT (DISPOSITIVI MEDICI IMPIANTABILI)","33184000-3","APPARECCHI PROTESICI","46800","1","1","1"
"2020","AZIENDE SANITARIE LOCALI E PROVINCIALI","EMILIA ROMAGNA","REGGIO NELL'EMILIA","RE","PIEMONTE","AQ STENT VASCOLARI 1","DES ESPANDIBILE SU PALLONE","STENT (DISPOSITIVI MEDICI IMPIANTABILI)","33184000-3","APPARECCHI PROTESICI","10389,6","1","1","1"
"2020","AZIENDE SANITARIE LOCALI E PROVINCIALI","LAZIO","ROMA","RM","LOMBARDIA","AQ STENT VASCOLARI 1","BMS AUTOESPANDIBILI ILIACI","STENT (DISPOSITIVI MEDICI IMPIANTABILI)","33184000-3","APPARECCHI PROTESICI","7180","1","1","1"
"2020","AZIENDE SANITARIE LOCALI E PROVINCIALI","LAZIO","ROMA","RM","LOMBARDIA","AQ STENT VASCOLARI 1","BMS AUTOESPANDIBILI CAROTIDEI A CELLE APERTE","STENT (DISPOSITIVI MEDICI IMPIANTABILI)","33184000-3","APPARECCHI PROTESICI","8180","2","1","1"
"2020","AZIENDE SANITARIE LOCALI E PROVINCIALI","LAZIO","ROMA","RM","LOMBARDIA","AQ STENT VASCOLARI 1","BMS AUTOESPANDIBILI FEMORO-POPLITEI  <= 5FRENCH","STENT (DISPOSITIVI MEDICI IMPIANTABILI)","33184000-3","APPARECCHI PROTESICI","81000","3","1","1"
"2020","AZIENDE SANITARIE LOCALI E PROVINCIALI","LAZIO","RIETI","RI","LOMBARDIA","AQ DISPOSITIVI PER RESINCRONIZZAZIONE CARDIACA 1","DEFIBRILLATORE BIVENTRICOLARE (CRT-D) CON FUNZIONI AVANZATE COMPATIBILE CON UTILIZZO DI RISONANZA MAGNETICA NUCLEARE, COMPRENSIVO DI ELETTROCATETERI E SISTEMA DI INTRODUZIONE DEGLI STESSI","STIMOLATORI CARDIACI","33182210-4","STIMOLATORI CARDIACI","106300","1","1","1"
"2020","AZIENDE SANITARIE LOCALI E PROVINCIALI","LAZIO","VITERBO","VT","LOMBARDIA","AQ DEFIBRILLATORI 1","DEFIBRILLATORI BICAMERALI AD ALTA ENERGIA CON FUNZIONI AVANZATE ","STIMOLATORI CARDIACI","33182210-4","STIMOLATORI CARDIACI","194900","1","1","1"
"2020","AZIENDE SANITARIE LOCALI E PROVINCIALI","MOLISE","CAMPOBASSO","CB","LOMBARDIA","AQ DISPOSITIVI PER RESINCRONIZZAZIONE CARDIACA 1","PACEMAKER BIVENTRICOLARE (CRT-P) CON FUNZIONI AVANZATE, COMPRENSIVO DI ELETTROCATETERI E SISTEMA DI INTRODUZIONE DEGLI STESSI","STIMOLATORI CARDIACI","33182210-4","STIMOLATORI CARDIACI","71720","1","1","1"
"2020","AZIENDE SANITARIE LOCALI E PROVINCIALI","MOLISE","CAMPOBASSO","CB","LOMBARDIA","AQ DISPOSITIVI PER RESINCRONIZZAZIONE CARDIACA 1","DEFIBRILLATORE BIVENTRICOLARE (CRT-D) CON FUNZIONI AVANZATE, COMPRENSIVO DI ELETTROCATETERI E SISTEMA DI INTRODUZIONE DEGLI STESSI","STIMOLATORI CARDIACI","33182210-4","STIMOLATORI CARDIACI","385080","3","1","1"
"2020","AZIENDE SANITARIE LOCALI E PROVINCIALI","MOLISE","CAMPOBASSO","CB","LOMBARDIA","AQ DISPOSITIVI PER RESINCRONIZZAZIONE CARDIACA 1","DEFIBRILLATORE BIVENTRICOLARE (CRT-D) CON FUNZIONI AVANZATE COMPATIBILE CON UTILIZZO DI RISONANZA MAGNETICA NUCLEARE, COMPRENSIVO DI ELETTROCATETERI E SISTEMA DI INTRODUZIONE DEGLI STESSI","STIMOLATORI CARDIACI","33182210-4","STIMOLATORI CARDIACI","127560","1","1","1"
"2020","AZIENDE SANITARIE LOCALI E PROVINCIALI","PUGLIA","BARLETTA-ANDRIA-TRANI","BT","LOMBARDIA","AQ STENT VASCOLARI 1","DES AUTOESPANDIBILI","STENT (DISPOSITIVI MEDICI IMPIANTABILI)","33184000-3","APPARECCHI PROTESICI","35360","1","1","1"
"2020","AZIENDE SANITARIE LOCALI E PROVINCIALI","PUGLIA","BARLETTA-ANDRIA-TRANI","BT","LOMBARDIA","AQ STENT VASCOLARI 1","BMS AUTOESPANDIBILI ILIACI","STENT (DISPOSITIVI MEDICI IMPIANTABILI)","33184000-3","APPARECCHI PROTESICI","14684,8","1","1","1"
"2020","AZIENDE SANITARIE LOCALI E PROVINCIALI","PUGLIA","BARLETTA-ANDRIA-TRANI","BT","LOMBARDIA","AQ STENT VASCOLARI 1","DES ESPANDIBILE SU PALLONE","STENT (DISPOSITIVI MEDICI IMPIANTABILI)","33184000-3","APPARECCHI PROTESICI","12448,8","1","1","1"
"2020","AZIENDE SANITARIE LOCALI E PROVINCIALI","PUGLIA","BARLETTA-ANDRIA-TRANI","BT","LOMBARDIA","AQ STENT VASCOLARI 1","BMS AUTOESPANDIBILE AD ALTA FLESSIBILIT","STENT (DISPOSITIVI MEDICI IMPIANTABILI)","33184000-3","APPARECCHI PROTESICI","2200","1","1","1"
"2020","AZIENDE SANITARIE LOCALI E PROVINCIALI","PUGLIA","BARLETTA-ANDRIA-TRANI","BT","LOMBARDIA","AQ STENT VASCOLARI 1","BMS AUTOESPANDIBILI CAROTIDEI A CELLE APERTE","STENT (DISPOSITIVI MEDICI IMPIANTABILI)","33184000-3","APPARECCHI PROTESICI","4253,6","1","1","1"
"2020","AZIENDE SANITARIE LOCALI E PROVINCIALI","PUGLIA","BARLETTA-ANDRIA-TRANI","BT","LOMBARDIA","AQ STENT VASCOLARI 1","BMS AUTOESPANDIBILI FEMORO-POPLITEI  > 5FRENCH","STENT (DISPOSITIVI MEDICI IMPIANTABILI)","33184000-3","APPARECCHI PROTESICI","12168","1","1","1"
"2020","AZIENDE SANITARIE LOCALI E PROVINCIALI","PUGLIA","BARLETTA-ANDRIA-TRANI","BT","LOMBARDIA","AQ STENT VASCOLARI 1","BMS AUTOESPANDIBILI FEMORO-POPLITEI  <= 5FRENCH","STENT (DISPOSITIVI MEDICI IMPIANTABILI)","33184000-3","APPARECCHI PROTESICI","9152","1","1","1"
"2020","AZIENDE SANITARIE LOCALI E PROVINCIALI","PUGLIA","BARLETTA-ANDRIA-TRANI","BT","LOMBARDIA","AQ STENT VASCOLARI 1","BMS AUTOESPANDIBILE CAROTIDEO AD ELEVATA COPERTURA DI PLACCA","STENT (DISPOSITIVI MEDICI IMPIANTABILI)","33184000-3","APPARECCHI PROTESICI","18688,8","1","1","1"
"2020","AZIENDE SANITARIE LOCALI E PROVINCIALI","PUGLIA","BARLETTA-ANDRIA-TRANI","BT","LOMBARDIA","AQ DISPOSITIVI PER RESINCRONIZZAZIONE CARDIACA 1","DEFIBRILLATORE BIVENTRICOLARE (CRT-D) CON FUNZIONI AVANZATE COMPATIBILE CON UTILIZZO DI RISONANZA MAGNETICA NUCLEARE, COMPRENSIVO DI ELETTROCATETERI E SISTEMA DI INTRODUZIONE DEGLI STESSI","STIMOLATORI CARDIACI","33182210-4","STIMOLATORI CARDIACI","142200","1","1","1"
"2020","AZIENDE SANITARIE LOCALI E PROVINCIALI","EMILIA ROMAGNA","REGGIO NELL'EMILIA","RE","LOMBARDIA","AQ STENT VASCOLARI 1","DES AUTOESPANDIBILI","STENT (DISPOSITIVI MEDICI IMPIANTABILI)","33184000-3","APPARECCHI PROTESICI","174532,8","2","1","1"
"2020","AZIENDE SANITARIE LOCALI E PROVINCIALI","EMILIA ROMAGNA","REGGIO NELL'EMILIA","RE","LOMBARDIA","AQ STENT VASCOLARI 1","DES ESPANDIBILE SU PALLONE","STENT (DISPOSITIVI MEDICI IMPIANTABILI)","33184000-3","APPARECCHI PROTESICI","5394,48","1","1","1"
"2020","AUTORITA' D'AMBITO, DI BACINO E PORTUALI","CAMPANIA","CASERTA","CE","LAZIO","AQ CARBURANTI RETE - FUEL CARD 1","LOTTO UNICO","CARBURANTI","09130000-9","PETROLIO E DISTILLATI",,"1","1","1"
"2020","AUTORITA' D'AMBITO, DI BACINO E PORTUALI","EMILIA ROMAGNA","PARMA","PR","LAZIO","AQ CARBURANTI RETE - FUEL CARD 1","LOTTO UNICO","CARBURANTI","09130000-9","PETROLIO E DISTILLATI",,"1","1","1"
"2020","AZIENDE ED ENTI DI SERVIZI SOCIO ASSISTENZIALI","PIEMONTE","ASTI","AT","LAZIO","AQ CARBURANTI RETE - FUEL CARD 1","LOTTO UNICO","CARBURANTI","09130000-9","PETROLIO E DISTILLATI",,"1","1","1"
"2020","AZIENDE ED ENTI DI SERVIZI SOCIO ASSISTENZIALI","LOMBARDIA","BRESCIA","BS","LAZIO","AQ CARBURANTI RETE - FUEL CARD 1","LOTTO UNICO","CARBURANTI","09130000-9","PETROLIO E DISTILLATI",,"1","1","1"
"2020","AZIENDE ED ENTI DI SERVIZI SOCIO ASSISTENZIALI","LOMBARDIA","MANTOVA","MN","LAZIO","AQ CARBURANTI RETE - FUEL CARD 1","LOTTO UNICO","CARBURANTI","09130000-9","PETROLIO E DISTILLATI",,"1","1","1"
"2020","AZIENDE ED ENTI DI SERVIZI SOCIO ASSISTENZIALI","EMILIA ROMAGNA","BOLOGNA","BO","LAZIO","AQ CARBURANTI RETE - FUEL CARD 1","LOTTO UNICO","CARBURANTI","09130000-9","PETROLIO E DISTILLATI",,"1","1","1"
"2020","AZIENDE ED ENTI TERRITORIALI DI SERVIZI PUBBLICI","PUGLIA","BARI","BA","LAZIO","AQ CARBURANTI RETE - FUEL CARD 1","LOTTO UNICO","CARBURANTI","09130000-9","PETROLIO E DISTILLATI",,"2","1","1"
"2020","AZIENDE ED ENTI TERRITORIALI DI SERVIZI PUBBLICI","VENETO","VENEZIA","VE","LAZIO","AQ CARBURANTI RETE - FUEL CARD 1","LOTTO UNICO","CARBURANTI","09130000-9","PETROLIO E DISTILLATI",,"1","1","1"
"2020","AZIENDE ED ENTI TERRITORIALI DI SERVIZI PUBBLICI","LIGURIA","IMPERIA","IM","LAZIO","AQ CARBURANTI RETE - FUEL CARD 1","LOTTO UNICO","CARBURANTI","09130000-9","PETROLIO E DISTILLATI",,"1","1","1"
"2020","AZIENDE ED ENTI TERRITORIALI DI SERVIZI PUBBLICI","SICILIA","ENNA","EN","LAZIO","AQ CARBURANTI RETE - FUEL CARD 1","LOTTO UNICO","CARBURANTI","09130000-9","PETROLIO E DISTILLATI",,"1","1","1"
"2020","AZIENDE ED ENTI TERRITORIALI DI SERVIZI PUBBLICI","SICILIA","CATANIA","CT","LAZIO","AQ CARBURANTI RETE - FUEL CARD 1","LOTTO UNICO","CARBURANTI","09130000-9","PETROLIO E DISTILLATI",,"1","1","1"
"2020","AZIENDE ED ENTI TERRITORIALI DI SERVIZI PUBBLICI","SICILIA","MESSINA","ME","LAZIO","AQ CARBURANTI RETE - FUEL CARD 1","LOTTO UNICO","CARBURANTI","09130000-9","PETROLIO E DISTILLATI",,"1","1","1"
"2020","AZIENDE ED ENTI TERRITORIALI DI SERVIZI PUBBLICI","TOSCANA","LUCCA","LU","LAZIO","AQ CARBURANTI RETE - FUEL CARD 1","LOTTO UNICO","CARBURANTI","09130000-9","PETROLIO E DISTILLATI",,"2","2","2"
"2020","AZIENDE ED ENTI TERRITORIALI DI SERVIZI PUBBLICI","TOSCANA","LIVORNO","LI","LAZIO","AQ CARBURANTI RETE - FUEL CARD 1","LOTTO UNICO","CARBURANTI","09130000-9","PETROLIO E DISTILLATI",,"1","1","1"
"2020","AZIENDE ED ENTI TERRITORIALI DI SERVIZI PUBBLICI","CAMPANIA","NAPOLI","NA","LAZIO","AQ CARBURANTI RETE - FUEL CARD 1","LOTTO UNICO","CARBURANTI","09130000-9","PETROLIO E DISTILLATI",,"1","1","1"
"2020","AZIENDE ED ENTI TERRITORIALI DI SERVIZI PUBBLICI","CAMPANIA","SALERNO","SA","LAZIO","AQ CARBURANTI RETE - FUEL CARD 1","LOTTO UNICO","CARBURANTI","09130000-9","PETROLIO E DISTILLATI",,"1","1","1"
"2020","AZIENDE ED ENTI TERRITORIALI DI SERVIZI PUBBLICI","PIEMONTE","NOVARA","NO","LAZIO","AQ CARBURANTI RETE - FUEL CARD 1","LOTTO UNICO","CARBURANTI","09130000-9","PETROLIO E DISTILLATI",,"1","1","1"
"2020","AZIENDE ED ENTI TERRITORIALI DI SERVIZI PUBBLICI","PIEMONTE","TORINO","TO","LAZIO","AQ CARBURANTI RETE - FUEL CARD 1","LOTTO UNICO","CARBURANTI","09130000-9","PETROLIO E DISTILLATI",,"1","1","1"
"2020","AZIENDE ED ENTI TERRITORIALI DI SERVIZI PUBBLICI","SARDEGNA","SASSARI","SS","LAZIO","AQ CARBURANTI RETE - FUEL CARD 1","LOTTO UNICO","CARBURANTI","09130000-9","PETROLIO E DISTILLATI",,"1","1","1"
"2020","AZIENDE ED ENTI TERRITORIALI DI SERVIZI PUBBLICI","LOMBARDIA","LECCO","LC","LAZIO","AQ CARBURANTI RETE - FUEL CARD 1","LOTTO UNICO","CARBURANTI","09130000-9","PETROLIO E DISTILLATI",,"1","1","1"
"2020","AZIENDE ED ENTI TERRITORIALI DI SERVIZI PUBBLICI","LOMBARDIA","PAVIA","PV","LAZIO","AQ CARBURANTI RETE - FUEL CARD 1","LOTTO UNICO","CARBURANTI","09130000-9","PETROLIO E DISTILLATI",,"2","1","1"
"2020","AZIENDE ED ENTI TERRITORIALI DI SERVIZI PUBBLICI","LOMBARDIA","MILANO","MI","LAZIO","AQ CARBURANTI RETE - FUEL CARD 1","LOTTO UNICO","CARBURANTI","09130000-9","PETROLIO E DISTILLATI",,"3","3","3"
"2020","AZIENDE ED ENTI TERRITORIALI DI SERVIZI PUBBLICI","BASILICATA","POTENZA","PZ","LAZIO","AQ CARBURANTI RETE - FUEL CARD 1","LOTTO UNICO","CARBURANTI","09130000-9","PETROLIO E DISTILLATI",,"1","1","1"
"2020","AZIENDE ED ENTI TERRITORIALI DI SERVIZI PUBBLICI","EMILIA ROMAGNA","PARMA","PR","LAZIO","AQ CARBURANTI RETE - FUEL CARD 1","LOTTO UNICO","CARBURANTI","09130000-9","PETROLIO E DISTILLATI",,"1","1","1"
"2020","AZIENDE ED ENTI TERRITORIALI DI SERVIZI PUBBLICI","EMILIA ROMAGNA","BOLOGNA","BO","LAZIO","AQ CARBURANTI RETE - FUEL CARD 1","LOTTO UNICO","CARBURANTI","09130000-9","PETROLIO E DISTILLATI",,"1","1","1"
"2020","AZIENDE ED ENTI TERRITORIALI DI SERVIZI PUBBLICI","TRENTINO ALTO ADIGE","TRENTO","TN","LAZIO","AQ CARBURANTI RETE - FUEL CARD 1","LOTTO UNICO","CARBURANTI","09130000-9","PETROLIO E DISTILLATI",,"1","1","1"
"2020","AZIENDE ED ENTI TERRITORIALI DI SERVIZI PUBBLICI","FRIULI VENEZIA GIULIA","TRIESTE","TS","PIEMONTE","AQ TRASFERTE DI LAVORO 3","SERVIZI DI GESTIONE INTEGRATA DELLE TRASFERTE DI LAVORO PER LE 첔MMINISTRAZIONI DIVERSE DA MINISTERI E ORGANI DELLO STATO","SERVIZI DI GESTIONE INTEGRATA DELLE TRASFERTE DI LAVORO","63510000-7","SERVIZI DI AGENZIE DI VIAGGI E SERVIZI AFFINI","3430","1","1","1"
"2020","S.P.A. DELLO STATO E SOCIETA' PARTECIPATE STATALI","LAZIO","ROMA","RM","LAZIO","AQ CARBURANTI RETE - FUEL CARD 1","LOTTO UNICO","CARBURANTI","09130000-9","PETROLIO E DISTILLATI",,"4","2","4"
"2020","S.P.A. DELLO STATO E SOCIETA' PARTECIPATE STATALI","LAZIO","ROMA","RM","PIEMONTE","AQ TRASFERTE DI LAVORO 3","SERVIZI DI GESTIONE INTEGRATA DELLE TRASFERTE DI LAVORO PER LE 첔MMINISTRAZIONI DIVERSE DA MINISTERI E ORGANI DELLO STATO","SERVIZI DI GESTIONE INTEGRATA DELLE TRASFERTE DI LAVORO","63510000-7","SERVIZI DI AGENZIE DI VIAGGI E SERVIZI AFFINI","110319,25","2","2","2"
"2020","ENTI PUBBLICI NON ECONOMICI DELLO STATO ED AUTHORITY","LAZIO","ROMA","RM","LAZIO","AQ CARBURANTI RETE - FUEL CARD 1","LOTTO UNICO","CARBURANTI","09130000-9","PETROLIO E DISTILLATI",,"1","1","1"
"2020","ENTI PUBBLICI NON ECONOMICI DELLO STATO ED AUTHORITY","TRENTINO ALTO ADIGE","TRENTO","TN","LAZIO","AQ CARBURANTI RETE - FUEL CARD 1","LOTTO UNICO","CARBURANTI","09130000-9","PETROLIO E DISTILLATI",,"2","1","1"
"2020","ENTI PUBBLICI NON ECONOMICI DELLO STATO ED AUTHORITY","LAZIO","ROMA","RM","PIEMONTE","AQ TRASFERTE DI LAVORO 3","SERVIZI DI GESTIONE INTEGRATA DELLE TRASFERTE DI LAVORO PER LE 첔MMINISTRAZIONI DIVERSE DA MINISTERI E ORGANI DELLO STATO","SERVIZI DI GESTIONE INTEGRATA DELLE TRASFERTE DI LAVORO","63510000-7","SERVIZI DI AGENZIE DI VIAGGI E SERVIZI AFFINI","131910","2","2","2"
"2020","CONSORZI, UNIONI DI COMUNI, COMUNITA' MONTANE E ISOLANE","MARCHE","FERMO","FM","LAZIO","AQ CARBURANTI RETE - FUEL CARD 1","LOTTO UNICO","CARBURANTI","09130000-9","PETROLIO E DISTILLATI",,"1","1","1"
"2020","CONSORZI, UNIONI DI COMUNI, COMUNITA' MONTANE E ISOLANE","MARCHE","ANCONA","AN","LAZIO","AQ CARBURANTI RETE - FUEL CARD 1","LOTTO UNICO","CARBURANTI","09130000-9","PETROLIO E DISTILLATI",,"1","1","1"
"2020","CONSORZI, UNIONI DI COMUNI, COMUNITA' MONTANE E ISOLANE","TOSCANA","SIENA","SI","LAZIO","AQ CARBURANTI RETE - FUEL CARD 1","LOTTO UNICO","CARBURANTI","09130000-9","PETROLIO E DISTILLATI",,"1","1","1"
"2020","CONSORZI, UNIONI DI COMUNI, COMUNITA' MONTANE E ISOLANE","TOSCANA","AREZZO","AR","LAZIO","AQ CARBURANTI RETE - FUEL CARD 1","LOTTO UNICO","CARBURANTI","09130000-9","PETROLIO E DISTILLATI",,"1","1","1"
"2020","CONSORZI, UNIONI DI COMUNI, COMUNITA' MONTANE E ISOLANE","TOSCANA","FIRENZE","FI","LAZIO","AQ CARBURANTI RETE - FUEL CARD 1","LOTTO UNICO","CARBURANTI","09130000-9","PETROLIO E DISTILLATI",,"1","1","1"
"2020","CONSORZI, UNIONI DI COMUNI, COMUNITA' MONTANE E ISOLANE","CALABRIA","CROTONE","KR","LAZIO","AQ CARBURANTI RETE - FUEL CARD 1","LOTTO UNICO","CARBURANTI","09130000-9","PETROLIO E DISTILLATI",,"2","1","1"
"2020","CONSORZI, UNIONI DI COMUNI, COMUNITA' MONTANE E ISOLANE","CAMPANIA","SALERNO","SA","LAZIO","AQ CARBURANTI RETE - FUEL CARD 1","LOTTO UNICO","CARBURANTI","09130000-9","PETROLIO E DISTILLATI",,"1","1","1"
"2020","CONSORZI, UNIONI DI COMUNI, COMUNITA' MONTANE E ISOLANE","PIEMONTE","TORINO","TO","LAZIO","AQ CARBURANTI RETE - FUEL CARD 1","LOTTO UNICO","CARBURANTI","09130000-9","PETROLIO E DISTILLATI",,"3","2","3"
"2020","CONSORZI, UNIONI DI COMUNI, COMUNITA' MONTANE E ISOLANE","PIEMONTE","ALESSANDRIA","AL","LAZIO","AQ CARBURANTI RETE - FUEL CARD 1","LOTTO UNICO","CARBURANTI","09130000-9","PETROLIO E DISTILLATI",,"1","1","1"
"2020","CONSORZI, UNIONI DI COMUNI, COMUNITA' MONTANE E ISOLANE","PIEMONTE","VERBANO-CUSIO-OSSOLA","VB","LAZIO","AQ CARBURANTI RETE - FUEL CARD 1","LOTTO UNICO","CARBURANTI","09130000-9","PETROLIO E DISTILLATI",,"1","1","1"
"2020","CONSORZI, UNIONI DI COMUNI, COMUNITA' MONTANE E ISOLANE","SARDEGNA","SUD SARDEGNA","SU","LAZIO","AQ CARBURANTI RETE - FUEL CARD 1","LOTTO UNICO","CARBURANTI","09130000-9","PETROLIO E DISTILLATI",,"1","1","1"
"2020","CONSORZI, UNIONI DI COMUNI, COMUNITA' MONTANE E ISOLANE","LOMBARDIA","LODI","LO","LAZIO","AQ CARBURANTI RETE - FUEL CARD 1","LOTTO UNICO","CARBURANTI","09130000-9","PETROLIO E DISTILLATI",,"1","1","1"
"2020","CONSORZI, UNIONI DI COMUNI, COMUNITA' MONTANE E ISOLANE","LOMBARDIA","PAVIA","PV","LAZIO","AQ CARBURANTI RETE - FUEL CARD 1","LOTTO UNICO","CARBURANTI","09130000-9","PETROLIO E DISTILLATI",,"1","1","1"
"2020","CONSORZI, UNIONI DI COMUNI, COMUNITA' MONTANE E ISOLANE","LOMBARDIA","VARESE","VA","LAZIO","AQ CARBURANTI RETE - FUEL CARD 1","LOTTO UNICO","CARBURANTI","09130000-9","PETROLIO E DISTILLATI",,"3","3","3"
"2020","CONSORZI, UNIONI DI COMUNI, COMUNITA' MONTANE E ISOLANE","LOMBARDIA","BRESCIA","BS","LAZIO","AQ CARBURANTI RETE - FUEL CARD 1","LOTTO UNICO","CARBURANTI","09130000-9","PETROLIO E DISTILLATI",,"1","1","1"
"2020","CONSORZI, UNIONI DI COMUNI, COMUNITA' MONTANE E ISOLANE","LOMBARDIA","CREMONA","CR","LAZIO","AQ CARBURANTI RETE - FUEL CARD 1","LOTTO UNICO","CARBURANTI","09130000-9","PETROLIO E DISTILLATI",,"2","1","1"
"2020","CONSORZI, UNIONI DI COMUNI, COMUNITA' MONTANE E ISOLANE","EMILIA ROMAGNA","PIACENZA","PC","LAZIO","AQ CARBURANTI RETE - FUEL CARD 1","LOTTO UNICO","CARBURANTI","09130000-9","PETROLIO E DISTILLATI",,"1","1","1"
"2020","CONSORZI, UNIONI DI COMUNI, COMUNITA' MONTANE E ISOLANE","EMILIA ROMAGNA","FORLI'-CESENA","FC","LAZIO","AQ CARBURANTI RETE - FUEL CARD 1","LOTTO UNICO","CARBURANTI","09130000-9","PETROLIO E DISTILLATI",,"1","1","1"
"2020","AZIENDE OSPEDALIERE, POLICLINICI, IRCCS e ISTITUTI ZOOPROFILATTICI","LOMBARDIA","PAVIA","PV","LAZIO","AQ STENT VASCOLARI 1","RICOPERTI ESPANDIBILI SU PALLONE","STENT (DISPOSITIVI MEDICI IMPIANTABILI)","33184000-3","APPARECCHI PROTESICI","33280","1","1","1"
"2020","AZIENDE OSPEDALIERE, POLICLINICI, IRCCS e ISTITUTI ZOOPROFILATTICI","LOMBARDIA","MILANO","MI","LAZIO","AQ SUTURE CHIRURGICHE 1","SUTURA SINTETICA NON ASSORBIBILE PLURIFILAMENTO IN POLIESTERE RIVESTITA E PREMONTATA","SUTURE CHIRURGICHE","33141121-4","SUTURE CHIRURGICHE","3000","1","1","1"
"2020","AZIENDE OSPEDALIERE, POLICLINICI, IRCCS e ISTITUTI ZOOPROFILATTICI","LOMBARDIA","MILANO","MI","LAZIO","AQ SUTURE CHIRURGICHE 1","SUTURA SINTETICA ASSORBIBILE MONOFILAMENTO A LUNGA PERDITA DI RESISTENZA TENSILE PREMONTATA","SUTURE CHIRURGICHE","33141121-4","SUTURE CHIRURGICHE","15000","1","1","1"
"2020","AZIENDE OSPEDALIERE, POLICLINICI, IRCCS e ISTITUTI ZOOPROFILATTICI","LOMBARDIA","MONZA E DELLA BRIANZA","MB","LAZIO","AQ SUTURE CHIRURGICHE 1","SUTURA SINTETICA ASSORBIBILE PLURIFILAMENTO A MEDIA PERDITA DI RESISTENZA TENSILE RIVESTITA E NON MONTATA","SUTURE CHIRURGICHE","33141121-4","SUTURE CHIRURGICHE","11295,72","1","1","1"
"2020","AZIENDE OSPEDALIERE, POLICLINICI, IRCCS e ISTITUTI ZOOPROFILATTICI","LOMBARDIA","MILANO","MI","VENETO","AQ STENT VASCOLARI 1","RICOPERTI AUTOESPANDIBILI","STENT (DISPOSITIVI MEDICI IMPIANTABILI)","33184000-3","APPARECCHI PROTESICI","96600","1","1","1"
"2020","AZIENDE OSPEDALIERE, POLICLINICI, IRCCS e ISTITUTI ZOOPROFILATTICI","LOMBARDIA","BRESCIA","BS","PIEMONTE","AQ STENT VASCOLARI 1","BMS AUTOESPANDIBILE CAROTIDEO AD ELEVATA COPERTURA DI PLACCA","STENT (DISPOSITIVI MEDICI IMPIANTABILI)","33184000-3","APPARECCHI PROTESICI","93600","1","1","1"
"2020","AZIENDE OSPEDALIERE, POLICLINICI, IRCCS e ISTITUTI ZOOPROFILATTICI","CAMPANIA","NAPOLI","NA","LOMBARDIA","AQ SUTURE CHIRURGICHE 1","SUTURA NATURALE NON ASSORBIBILE PLURIFILAMENTO IN SETA NON MONTATA","SUTURE CHIRURGICHE","33141121-4","SUTURE CHIRURGICHE","20000","1","1","1"
"2020","AZIENDE OSPEDALIERE, POLICLINICI, IRCCS e ISTITUTI ZOOPROFILATTICI","CAMPANIA","NAPOLI","NA","LOMBARDIA","AQ SUTURE CHIRURGICHE 1","SUTURA SINTETICA ASSORBIBILE MONOFILAMENTO A LUNGA PERDITA DI RESISTENZA TENSILE PREMONTATA","SUTURE CHIRURGICHE","33141121-4","SUTURE CHIRURGICHE","14981,76","1","1","1"
"2020","AZIENDE OSPEDALIERE, POLICLINICI, IRCCS e ISTITUTI ZOOPROFILATTICI","SARDEGNA","SASSARI","SS","LOMBARDIA","AQ DISPOSITIVI PER RESINCRONIZZAZIONE CARDIACA 1","PACEMAKER BIVENTRICOLARE (CRT-P) CON FUNZIONI AVANZATE, COMPRENSIVO DI ELETTROCATETERI E SISTEMA DI INTRODUZIONE DEGLI STESSI","STIMOLATORI CARDIACI","33182210-4","STIMOLATORI CARDIACI","2500","1","1","1"
"2020","AZIENDE OSPEDALIERE, POLICLINICI, IRCCS e ISTITUTI ZOOPROFILATTICI","SARDEGNA","SASSARI","SS","LOMBARDIA","AQ DISPOSITIVI PER RESINCRONIZZAZIONE CARDIACA 1","DEFIBRILLATORE BIVENTRICOLARE (CRT-D) CON FUNZIONI AVANZATE, COMPRENSIVO DI ELETTROCATETERI E SISTEMA DI INTRODUZIONE DEGLI STESSI","STIMOLATORI CARDIACI","33182210-4","STIMOLATORI CARDIACI","9500","1","1","1"
"2020","AZIENDE OSPEDALIERE, POLICLINICI, IRCCS e ISTITUTI ZOOPROFILATTICI","LOMBARDIA","LODI","LO","LOMBARDIA","AQ DEFIBRILLATORI 1","DEFIBRILLATORI BICAMERALI AD ALTA ENERGIA CON FUNZIONI AVANZATE ","STIMOLATORI CARDIACI","33182210-4","STIMOLATORI CARDIACI","100000","1","1","1"
"2020","AZIENDE OSPEDALIERE, POLICLINICI, IRCCS e ISTITUTI ZOOPROFILATTICI","LOMBARDIA","PAVIA","PV","LOMBARDIA","AQ DEFIBRILLATORI 1","DEFIBRILLATORI BICAMERALI AD ALTA ENERGIA CON FUNZIONI AVANZATE ","STIMOLATORI CARDIACI","33182210-4","STIMOLATORI CARDIACI","83080","1","1","1"
"2020","AZIENDE OSPEDALIERE, POLICLINICI, IRCCS e ISTITUTI ZOOPROFILATTICI","LOMBARDIA","PAVIA","PV","LOMBARDIA","AQ STENT VASCOLARI 1","DES AUTOESPANDIBILI","STENT (DISPOSITIVI MEDICI IMPIANTABILI)","33184000-3","APPARECCHI PROTESICI","35360","1","1","1"
"2020","AZIENDE OSPEDALIERE, POLICLINICI, IRCCS e ISTITUTI ZOOPROFILATTICI","LOMBARDIA","PAVIA","PV","LOMBARDIA","AQ DISPOSITIVI PER RESINCRONIZZAZIONE CARDIACA 1","DEFIBRILLATORE BIVENTRICOLARE (CRT-D) CON FUNZIONI AVANZATE, COMPRENSIVO DI ELETTROCATETERI E SISTEMA DI INTRODUZIONE DEGLI STESSI","STIMOLATORI CARDIACI","33182210-4","STIMOLATORI CARDIACI","243000","1","1","1"
"2020","AZIENDE OSPEDALIERE, POLICLINICI, IRCCS e ISTITUTI ZOOPROFILATTICI","LOMBARDIA","MILANO","MI","LOMBARDIA","AQ STENT VASCOLARI 1","BMS AUTOESPANDIBILI ILIACI","STENT (DISPOSITIVI MEDICI IMPIANTABILI)","33184000-3","APPARECCHI PROTESICI","3530","1","1","1"
"2020","AZIENDE OSPEDALIERE, POLICLINICI, IRCCS e ISTITUTI ZOOPROFILATTICI","LOMBARDIA","MILANO","MI","LOMBARDIA","AQ STENT VASCOLARI 1","BMS AUTOESPANDIBILI CAROTIDEI A CELLE APERTE","STENT (DISPOSITIVI MEDICI IMPIANTABILI)","33184000-3","APPARECCHI PROTESICI","7362","1","1","1"
"2020","AZIENDE OSPEDALIERE, POLICLINICI, IRCCS e ISTITUTI ZOOPROFILATTICI","LOMBARDIA","MILANO","MI","LOMBARDIA","AQ STENT VASCOLARI 1","BMS AUTOESPANDIBILI FEMORO-POPLITEI  > 5FRENCH","STENT (DISPOSITIVI MEDICI IMPIANTABILI)","33184000-3","APPARECCHI PROTESICI","5130","1","1","1"
"2020","AZIENDE OSPEDALIERE, POLICLINICI, IRCCS e ISTITUTI ZOOPROFILATTICI","LOMBARDIA","MILANO","MI","LOMBARDIA","AQ STENT VASCOLARI 1","BMS AUTOESPANDIBILE CAROTIDEO AD ELEVATA COPERTURA DI PLACCA","STENT (DISPOSITIVI MEDICI IMPIANTABILI)","33184000-3","APPARECCHI PROTESICI","7188","1","1","1"
"2020","AZIENDE OSPEDALIERE, POLICLINICI, IRCCS e ISTITUTI ZOOPROFILATTICI","LOMBARDIA","MILANO","MI","LOMBARDIA","AQ DISPOSITIVI PER RESINCRONIZZAZIONE CARDIACA 1","PACEMAKER BIVENTRICOLARE (CRT-P) CON FUNZIONI AVANZATE, COMPRENSIVO DI ELETTROCATETERI E SISTEMA DI INTRODUZIONE DEGLI STESSI","STIMOLATORI CARDIACI","33182210-4","STIMOLATORI CARDIACI","31200","1","1","1"
"2020","AZIENDE OSPEDALIERE, POLICLINICI, IRCCS e ISTITUTI ZOOPROFILATTICI","LOMBARDIA","MILANO","MI","LOMBARDIA","AQ DISPOSITIVI PER RESINCRONIZZAZIONE CARDIACA 1","DEFIBRILLATORE BIVENTRICOLARE (CRT-D) CON FUNZIONI AVANZATE, COMPRENSIVO DI ELETTROCATETERI E SISTEMA DI INTRODUZIONE DEGLI STESSI","STIMOLATORI CARDIACI","33182210-4","STIMOLATORI CARDIACI","413100","1","1","1"
"2020","AZIENDE OSPEDALIERE, POLICLINICI, IRCCS e ISTITUTI ZOOPROFILATTICI","LOMBARDIA","BERGAMO","BG","LOMBARDIA","AQ DISPOSITIVI PER RESINCRONIZZAZIONE CARDIACA 1","DEFIBRILLATORE BIVENTRICOLARE (CRT-D) CON FUNZIONI AVANZATE, COMPRENSIVO DI ELETTROCATETERI E SISTEMA DI INTRODUZIONE DEGLI STESSI","STIMOLATORI CARDIACI","33182210-4","STIMOLATORI CARDIACI","41360","1","1","1"
"2020","AZIENDE OSPEDALIERE, POLICLINICI, IRCCS e ISTITUTI ZOOPROFILATTICI","LOMBARDIA","BRESCIA","BS","LOMBARDIA","AQ DEFIBRILLATORI 1","DEFIBRILLATORI BICAMERALI AD ALTA ENERGIA CON FUNZIONI AVANZATE ","STIMOLATORI CARDIACI","33182210-4","STIMOLATORI CARDIACI","1112900","4","2","2"
"2020","AZIENDE OSPEDALIERE, POLICLINICI, IRCCS e ISTITUTI ZOOPROFILATTICI","LOMBARDIA","BRESCIA","BS","LOMBARDIA","AQ DISPOSITIVI PER RESINCRONIZZAZIONE CARDIACA 1","DEFIBRILLATORE BIVENTRICOLARE (CRT-D) CON FUNZIONI AVANZATE, COMPRENSIVO DI ELETTROCATETERI E SISTEMA DI INTRODUZIONE DEGLI STESSI","STIMOLATORI CARDIACI","33182210-4","STIMOLATORI CARDIACI","428700","2","1","1"
"2020","AZIENDE OSPEDALIERE, POLICLINICI, IRCCS e ISTITUTI ZOOPROFILATTICI","LOMBARDIA","BRESCIA","BS","LOMBARDIA","AQ DISPOSITIVI PER RESINCRONIZZAZIONE CARDIACA 1","DEFIBRILLATORE BIVENTRICOLARE (CRT-D) CON FUNZIONI AVANZATE COMPATIBILE CON UTILIZZO DI RISONANZA MAGNETICA NUCLEARE, COMPRENSIVO DI ELETTROCATETERI E SISTEMA DI INTRODUZIONE DEGLI STESSI","STIMOLATORI CARDIACI","33182210-4","STIMOLATORI CARDIACI","996240","3","1","1"
"2020","AZIENDE, ISTITUTI, SOCIETA', CONSORZI ED ENTI DI SERVIZI SANITARI PUBBLICI","LAZIO","ROMA","RM","LAZIO","AQ CARBURANTI RETE - FUEL CARD 1","LOTTO UNICO","CARBURANTI","09130000-9","PETROLIO E DISTILLATI",,"1","1","1"
