#Anno_Riferimento,Tipologia_Amministrazione,Regione_PA,Tipo_negoziazione,N_Negoziazioni_Pubblicate,Valore_economico_Base_Asta,Perc_Negoziazioni_base_asta,Perc_RdO_con_invito_selettivo,N_medio_fornitori_invitati,Tempo_medio_offerte,N_PA_Appaltanti,N_PO
"2018","COMUNI","LAZIO","TD","3525","18814258,8","60,51",,,"4,11","260","724"
"2018","COMUNI","MARCHE","TD","4453","21380834,17","64,36",,,"3,7","193","565"
"2018","COMUNI","MOLISE","TD","350","1604157,2","49,71",,,"2,64","88","124"
"2018","COMUNI","PUGLIA","TD","3048","18091125,49","63,02",,,"3,67","222","717"
"2018","COMUNI","UMBRIA","TD","1390","5944664,43","59,28",,,"4,22","83","238"
"2018","COMUNI","VENETO","TD","17217","90300418","57,86",,,"5,53","542","1727"
"2018","COMUNI","ABRUZZO","TD","2269","11552363,61","57,16",,,"3,75","198","435"
"2018","COMUNI","LIGURIA","TD","3415","16258702,27","61,05",,,"4,95","180","482"
"2018","COMUNI","SICILIA","TD","3700","16678638,88","49,92",,,"3,63","332","886"
"2018","COMUNI","TOSCANA","TD","2168","7809717,04","39,16",,,"5","221","523"
"2018","COMUNI","CALABRIA","TD","2539","10900814,97","49,63",,,"3,85","316","666"
"2018","COMUNI","CAMPANIA","TD","4665","38734688,06","62,81",,,"3,91","397","1006"
"2018","COMUNI","PIEMONTE","TD","10678","50052513,76","62,61",,,"5,33","885","1914"
"2018","COMUNI","SARDEGNA","TD","3157","16281089,24","57,27",,,"3,97","337","773"
"2018","COMUNI","LOMBARDIA","TD","5012","15812905,37","44,79",,,"4,57","868","1575"
"2018","COMUNI","BASILICATA","TD","540","2851209,63","56,85",,,"3,07","88","171"
"2018","COMUNI","VALLE D'AOSTA","TD","591","1546726,33","49,75",,,"4,47","66","110"
"2018","COMUNI","EMILIA ROMAGNA","TD","8263","38311351,21","61,91",,,"5,01","304","1101"
"2018","COMUNI","TRENTINO ALTO ADIGE","TD","237","530968,05","41,77",,,"5,31","61","91"
"2018","COMUNI","FRIULI VENEZIA GIULIA","TD","5534","25369769,95","67,33",,,"4,46","211","680"
"2018","REGIONI","LAZIO","TD","50","510339,32","88",,,"4,13","1","10"
"2018","REGIONI","MARCHE","TD","125","2345723,05","78,4",,,"6,58","1","20"
"2018","REGIONI","MOLISE","TD","23","203200,01","69,57",,,"4,08","1","8"
"2018","REGIONI","PUGLIA","TD","2",,"0",,,"0,2","1","1"
"2018","REGIONI","UMBRIA","TD","88","991218,37","84,09",,,"4,09","1","2"
"2018","REGIONI","VENETO","TD","230","2428131,85","66,96",,,"6,26","1","48"
"2018","REGIONI","ABRUZZO","TD","90","919410,41","67,78",,,"4,62","1","20"
"2018","REGIONI","LIGURIA","TD","18","762,21","5,56",,,"9,48","1","2"
"2018","REGIONI","SICILIA","TD","1099","4083936,28","51,41",,,"4,02","1","111"
"2018","REGIONI","TOSCANA","TD","15","218159","86,67",,,"6,11","1","6"
"2018","REGIONI","CALABRIA","TD","116","1683421,95","67,24",,,"3,66","1","25"
"2018","REGIONI","CAMPANIA","TD","167","2612439,37","96,41",,,"3,9","1","5"
"2018","REGIONI","PIEMONTE","TD","211","1653763,4","67,77",,,"7,78","1","23"
"2018","REGIONI","SARDEGNA","TD","24","342397,87","62,5",,,"2,8","1","9"
"2018","REGIONI","LOMBARDIA","TD","2","39000","50",,,"21,54","1","1"
"2018","REGIONI","BASILICATA","TD","43","401182,49","62,79",,,"6,66","1","7"
"2018","REGIONI","VALLE D'AOSTA","TD","488","1124243,85","31,15",,,"6,1","1","32"
"2018","REGIONI","EMILIA ROMAGNA","TD","142","1879480,48","78,17",,,"5,78","1","18"
"2018","REGIONI","TRENTINO ALTO ADIGE","TD","1","7780","100",,,"2,07","1","1"
"2018","REGIONI","FRIULI VENEZIA GIULIA","TD","242","2038859,44","58,26",,,"5,93","1","38"
"2018","PROVINCE","LAZIO","TD","215","2937015,54","63,26",,,"4,31","6","33"
"2018","PROVINCE","MARCHE","TD","198","1346270,71","57,07",,,"5,1","5","24"
"2018","PROVINCE","MOLISE","TD","2","5,29","50",,,"7,65","1","2"
"2018","PROVINCE","PUGLIA","TD","83","1011790,18","78,31",,,"4,38","5","15"
"2018","PROVINCE","UMBRIA","TD","105","335699,17","63,81",,,"4,1","2","13"
"2018","PROVINCE","VENETO","TD","591","3995822,28","67,01",,,"5,5","7","47"
"2018","PROVINCE","ABRUZZO","TD","114","558523,88","45,61",,,"3,95","4","17"
"2018","PROVINCE","LIGURIA","TD","54","174694,15","75,93",,,"7,44","4","9"
"2018","PROVINCE","SICILIA","TD","95","693896,72","66,32",,,"4,65","8","17"
"2018","PROVINCE","TOSCANA","TD","290","2139107,97","70",,,"6,25","10","42"
"2018","PROVINCE","CALABRIA","TD","74","210271,57","33,78",,,"4,13","5","12"
"2018","PROVINCE","CAMPANIA","TD","201","3347077,84","68,66",,,"5,33","5","23"
"2018","PROVINCE","PIEMONTE","TD","575","4122785,18","75,13",,,"4,93","8","46"
"2018","PROVINCE","SARDEGNA","TD","77","835109,92","75,32",,,"5,65","5","16"
"2018","PROVINCE","LOMBARDIA","TD","155","1210382,81","46,45",,,"6,07","12","29"
"2018","PROVINCE","BASILICATA","TD","55","399288,12","89,09",,,"5,43","2","9"
"2018","PROVINCE","EMILIA ROMAGNA","TD","528","3778124,48","68,94",,,"4,68","9","45"
"2018","PROVINCE","TRENTINO ALTO ADIGE","TD","164","127625,26","15,24",,,"5,49","2","6"
"2018","PROVINCE","FRIULI VENEZIA GIULIA","TD","2",,"0",,,"4,05","1","1"
"2018","CAMERE DI COMMERCIO","LAZIO","TD","231","1476448,21","67,97",,,"3,85","10","18"
"2018","CAMERE DI COMMERCIO","MARCHE","TD","24","18805,04","20,83",,,"4,21","1","3"
"2018","CAMERE DI COMMERCIO","MOLISE","TD","5",,"0",,,"1,6","1","1"
"2018","CAMERE DI COMMERCIO","PUGLIA","TD","33","109091,42","75,76",,,"9,11","5","5"
"2018","CAMERE DI COMMERCIO","UMBRIA","TD","72","255996,66","90,28",,,"7,03","4","4"
"2018","CAMERE DI COMMERCIO","VENETO","TD","110","443166,49","71,82",,,"5,08","6","9"
"2018","CAMERE DI COMMERCIO","ABRUZZO","TD","32","200374","71,88",,,"5,1","3","3"
"2018","CAMERE DI COMMERCIO","LIGURIA","TD","35","129014,2","51,43",,,"5,09","4","4"
"2018","CAMERE DI COMMERCIO","SICILIA","TD","25","76865","60",,,"1,16","3","4"
"2018","CAMERE DI COMMERCIO","TOSCANA","TD","149","354093,48","40,94",,,"4,79","12","14"
"2018","CAMERE DI COMMERCIO","CALABRIA","TD","29","96603,13","62,07",,,"6,14","4","6"
"2018","CAMERE DI COMMERCIO","CAMPANIA","TD","72","191993,1","50",,,"3,57","6","7"
"2018","CAMERE DI COMMERCIO","PIEMONTE","TD","118","116577,97","33,9",,,"6,22","9","11"
"2018","CAMERE DI COMMERCIO","SARDEGNA","TD","38","120283,08","39,47",,,"3,57","6","7"
"2018","CAMERE DI COMMERCIO","LOMBARDIA","TD","93","193510,3","40,86",,,"6","6","6"
"2018","CAMERE DI COMMERCIO","BASILICATA","TD","4","2650","50",,,"6,66","2","2"
"2018","CAMERE DI COMMERCIO","VALLE D'AOSTA","TD","6","20000","83,33",,,"6,28","1","1"
"2018","CAMERE DI COMMERCIO","EMILIA ROMAGNA","TD","68","154013,45","55,88",,,"6,05","8","10"
"2018","CAMERE DI COMMERCIO","TRENTINO ALTO ADIGE","TD","19","45729","52,63",,,"10,07","2","2"
"2018","CAMERE DI COMMERCIO","FRIULI VENEZIA GIULIA","TD","205","199649,01","35,61",,,"5,65","4","5"
"2018","CONSERVATORI E ACCADEMIE","LAZIO","TD","283","6500","1,41",,,"1,69","5","5"
"2018","CONSERVATORI E ACCADEMIE","MARCHE","TD","76","134714,07","82,89",,,"3,3","3","3"
"2018","CONSERVATORI E ACCADEMIE","PUGLIA","TD","41","25850","9,76",,,"4,88","5","6"
"2018","CONSERVATORI E ACCADEMIE","UMBRIA","TD","10","49630","50",,,"4,28","1","1"
"2018","CONSERVATORI E ACCADEMIE","VENETO","TD","51","65725","7,84",,,"5,49","7","9"
"2018","CONSERVATORI E ACCADEMIE","ABRUZZO","TD","33","22640","24,24",,,"5,85","3","3"
"2018","CONSERVATORI E ACCADEMIE","LIGURIA","TD","9","28941,56","77,78",,,"5,87","2","2"
"2018","CONSERVATORI E ACCADEMIE","SICILIA","TD","32","12300","9,38",,,"3,22","4","4"
"2018","CONSERVATORI E ACCADEMIE","TOSCANA","TD","125","145776,44","24",,,"4,17","6","8"
"2018","CONSERVATORI E ACCADEMIE","CALABRIA","TD","60","11800","6,67",,,"5,16","4","4"
"2018","CONSERVATORI E ACCADEMIE","CAMPANIA","TD","68","50110","36,76",,,"3,32","4","4"
"2018","CONSERVATORI E ACCADEMIE","PIEMONTE","TD","62","9990","3,23",,,"7,2","4","4"
"2018","CONSERVATORI E ACCADEMIE","SARDEGNA","TD","16","47099,49","100",,,"5,02","2","2"
"2018","CONSERVATORI E ACCADEMIE","LOMBARDIA","TD","101","301778","32,67",,,"4,45","7","8"
"2018","CONSERVATORI E ACCADEMIE","EMILIA ROMAGNA","TD","193","379354,9","77,2",,,"4,56","4","4"
"2018","CONSERVATORI E ACCADEMIE","TRENTINO ALTO ADIGE","TD","3",,"0",,,"0,95","1","1"
"2018","CONSERVATORI E ACCADEMIE","FRIULI VENEZIA GIULIA","TD","75","7955","20",,,"2,35","2","2"
"2018","ISTITUTI/ENTI DI RICERCA","LAZIO","TD","2755","12676526,6","42,58",,,"5,82","13","123"
"2018","ISTITUTI/ENTI DI RICERCA","MARCHE","TD","39","263597,6","100",,,"3,51","2","3"
"2018","ISTITUTI/ENTI DI RICERCA","PUGLIA","TD","163","310349,84","53,37",,,"5,49","2","19"
"2018","ISTITUTI/ENTI DI RICERCA","UMBRIA","TD","61","73686,46","37,7",,,"3,61","2","6"
"2018","ISTITUTI/ENTI DI RICERCA","VENETO","TD","251","131099,36","49,4",,,"4,47","2","8"
"2018","ISTITUTI/ENTI DI RICERCA","ABRUZZO","TD","22","112610,06","68,18",,,"5,52","4","4"
"2018","ISTITUTI/ENTI DI RICERCA","LIGURIA","TD","18","7437,07","38,89",,,"3,11","1","6"
"2018","ISTITUTI/ENTI DI RICERCA","SICILIA","TD","287","535046,46","37,98",,,"5,66","4","20"
"2018","ISTITUTI/ENTI DI RICERCA","TOSCANA","TD","697","1300405,43","50,22",,,"4,83","3","26"
"2018","ISTITUTI/ENTI DI RICERCA","CALABRIA","TD","26","29053,04","61,54",,,"4,03","1","7"
"2018","ISTITUTI/ENTI DI RICERCA","CAMPANIA","TD","361","878624,63","38,5",,,"4,58","4","30"
"2018","ISTITUTI/ENTI DI RICERCA","PIEMONTE","TD","117","329198,1","24,79",,,"4,23","5","11"
"2018","ISTITUTI/ENTI DI RICERCA","SARDEGNA","TD","113","112204,45","32,74",,,"4,1","3","10"
"2018","ISTITUTI/ENTI DI RICERCA","LOMBARDIA","TD","271","299250,39","27,31",,,"4,54","3","22"
"2018","ISTITUTI/ENTI DI RICERCA","BASILICATA","TD","43","5950","4,65",,,"6,85","1","2"
"2018","ISTITUTI/ENTI DI RICERCA","EMILIA ROMAGNA","TD","173","305705,72","41,04",,,"5,57","4","14"
"2018","ISTITUTI/ENTI DI RICERCA","TRENTINO ALTO ADIGE","TD","32","34852,2","75",,,"3,96","4","5"
"2018","ISTITUTI/ENTI DI RICERCA","FRIULI VENEZIA GIULIA","TD","272","459693,72","48,9",,,"3,62","5","16"
"2018","ASSOCIAZIONI E FONDAZIONI","LAZIO","TD","155","667121,67","44,52",,,"6,33","17","23"
"2018","ASSOCIAZIONI E FONDAZIONI","MARCHE","TD","9","5300","33,33",,,"2,77","2","2"
"2018","ASSOCIAZIONI E FONDAZIONI","PUGLIA","TD","13","13950","23,08",,,"1,01","2","2"
"2018","ASSOCIAZIONI E FONDAZIONI","UMBRIA","TD","11","161025","63,64",,,"3,08","2","2"
"2018","ASSOCIAZIONI E FONDAZIONI","VENETO","TD","27","108200","33,33",,,"2,2","4","4"
"2018","ASSOCIAZIONI E FONDAZIONI","SICILIA","TD","96","95844,3","19,79",,,"3,04","5","5"
"2018","ASSOCIAZIONI E FONDAZIONI","TOSCANA","TD","69","219766,21","79,71",,,"3,77","5","5"
"2018","ASSOCIAZIONI E FONDAZIONI","CALABRIA","TD","17","272680","52,94",,,"4,1","2","2"
"2018","ASSOCIAZIONI E FONDAZIONI","CAMPANIA","TD","20","383022,5","75",,,"6,42","3","4"
"2018","ASSOCIAZIONI E FONDAZIONI","PIEMONTE","TD","8","15000","12,5",,,"5,44","3","4"
"2018","ASSOCIAZIONI E FONDAZIONI","SARDEGNA","TD","5","2700","20",,,"1,21","2","2"
"2018","ASSOCIAZIONI E FONDAZIONI","LOMBARDIA","TD","87","338950","26,44",,,"4,52","8","8"
"2018","ASSOCIAZIONI E FONDAZIONI","BASILICATA","TD","1","25100","100",,,"6,07","1","1"
"2018","ASSOCIAZIONI E FONDAZIONI","VALLE D'AOSTA","TD","7","2928,9","57,14",,,"5,9","3","3"
"2018","ASSOCIAZIONI E FONDAZIONI","EMILIA ROMAGNA","TD","74","261252","60,81",,,"3,08","8","9"
"2018","ASSOCIAZIONI E FONDAZIONI","TRENTINO ALTO ADIGE","TD","67","541490","55,22",,,"3,82","3","3"
"2018","ASSOCIAZIONI E FONDAZIONI","FRIULI VENEZIA GIULIA","TD","20","34200","10",,,"3,62","4","4"
"2018","UNIVERSITA' E POLITECNICI","LAZIO","TD","6419","11472158,53","32,9",,,"4,36","6","189"
"2018","UNIVERSITA' E POLITECNICI","MARCHE","TD","1458","3868381,3","63,51",,,"4,95","5","44"
"2018","UNIVERSITA' E POLITECNICI","MOLISE","TD","28","170714,21","82,14",,,"7,22","1","6"
"2018","UNIVERSITA' E POLITECNICI","PUGLIA","TD","1221","2091882,5","41,61",,,"4,39","4","56"
"2018","UNIVERSITA' E POLITECNICI","UMBRIA","TD","1050","1990849,43","38,29",,,"3,43","2","28"
"2018","UNIVERSITA' E POLITECNICI","VENETO","TD","3290","7508868,93","45,23",,,"4,7","5","92"
"2018","UNIVERSITA' E POLITECNICI","ABRUZZO","TD","1871","2328273,91","33,62",,,"3,67","3","30"
"2018","UNIVERSITA' E POLITECNICI","LIGURIA","TD","498","1421527,82","63,25",,,"4,46","1","62"
"2018","UNIVERSITA' E POLITECNICI","SICILIA","TD","1180","1540464,03","36,19",,,"4,82","3","49"
"2018","UNIVERSITA' E POLITECNICI","TOSCANA","TD","2885","5024313,33","54,66",,,"3,74","8","107"
"2018","UNIVERSITA' E POLITECNICI","CALABRIA","TD","783","1456650,21","59,64",,,"4,8","3","40"
"2018","UNIVERSITA' E POLITECNICI","CAMPANIA","TD","4938","8227199,73","36,7",,,"5,7","7","117"
"2018","UNIVERSITA' E POLITECNICI","PIEMONTE","TD","2829","5977139,57","46,38",,,"4,54","3","84"
"2018","UNIVERSITA' E POLITECNICI","SARDEGNA","TD","670","2261888,93","48,81",,,"3,97","2","47"
"2018","UNIVERSITA' E POLITECNICI","LOMBARDIA","TD","7305","9198854,22","43,13",,,"4,01","8","159"
"2018","UNIVERSITA' E POLITECNICI","BASILICATA","TD","57","296041,87","66,67",,,"4,51","1","6"
"2018","UNIVERSITA' E POLITECNICI","VALLE D'AOSTA","TD","11","25020","81,82",,,"4,56","1","2"
"2018","UNIVERSITA' E POLITECNICI","EMILIA ROMAGNA","TD","6244","20523588,95","63,18",,,"4,48","4","181"
"2018","UNIVERSITA' E POLITECNICI","TRENTINO ALTO ADIGE","TD","121","521562,82","67,77",,,"3,23","1","10"
"2018","UNIVERSITA' E POLITECNICI","FRIULI VENEZIA GIULIA","TD","818","1572662,88","31,91",,,"6,19","3","22"
"2018","ENTI DI DIRITTO ALLO STUDIO","LAZIO","TD","64","662989,99","93,75",,,"1,28","1","1"
"2018","ENTI DI DIRITTO ALLO STUDIO","MARCHE","TD","22","297170,1","59,09",,,"5,66","1","1"
"2018","ENTI DI DIRITTO ALLO STUDIO","PUGLIA","TD","1","2500","100",,,"7,26","1","1"
"2018","ENTI DI DIRITTO ALLO STUDIO","UMBRIA","TD","12","119530,79","66,67",,,"3,65","1","1"
"2018","ENTI DI DIRITTO ALLO STUDIO","VENETO","TD","107","1105767,89","82,24",,,"6,14","3","4"
"2018","ENTI DI DIRITTO ALLO STUDIO","ABRUZZO","TD","6","121802","66,67",,,"11,67","2","2"
"2018","ENTI DI DIRITTO ALLO STUDIO","LIGURIA","TD","75",,"0",,,"7,72","1","1"
"2018","ENTI DI DIRITTO ALLO STUDIO","SICILIA","TD","19","60790,88","26,32",,,"4,51","4","4"
"2018","ENTI DI DIRITTO ALLO STUDIO","TOSCANA","TD","4","55443","75",,,"10,99","1","1"
"2018","ENTI DI DIRITTO ALLO STUDIO","CAMPANIA","TD","68","511448,93","73,53",,,"2,84","1","6"
"2018","ENTI DI DIRITTO ALLO STUDIO","PIEMONTE","TD","5","5000","20",,,"2,57","1","2"
"2018","ENTI DI DIRITTO ALLO STUDIO","SARDEGNA","TD","10","86540","70",,,"4,16","2","3"
"2018","ENTI DI DIRITTO ALLO STUDIO","LOMBARDIA","TD","8","61027","75",,,"2,99","1","2"
"2018","ENTI DI DIRITTO ALLO STUDIO","EMILIA ROMAGNA","TD","2","28000","50",,,"5,21","1","1"
"2018","ENTI DI DIRITTO ALLO STUDIO","FRIULI VENEZIA GIULIA","TD","7","19520","28,57",,,"4,76","1","2"
"2018","MINISTERI E AGENZIE FISCALI","LAZIO","TD","18963","71282529,71","55,84",,,"3,95","16","777"
"2018","MINISTERI E AGENZIE FISCALI","MARCHE","TD","2369","6793380,3","62,77",,,"4,1","11","145"
"2018","MINISTERI E AGENZIE FISCALI","MOLISE","TD","350","1429511,72","67,71",,,"4,85","8","51"
"2018","MINISTERI E AGENZIE FISCALI","PUGLIA","TD","6787","11939438,87","35,41",,,"3,72","13","373"
"2018","MINISTERI E AGENZIE FISCALI","UMBRIA","TD","1874","2978241,05","47,55",,,"4,35","10","127"
"2018","MINISTERI E AGENZIE FISCALI","VENETO","TD","4624","8834246,45","55,69",,,"4,69","13","313"
"2018","MINISTERI E AGENZIE FISCALI","ABRUZZO","TD","1496","4381556,43","56,02",,,"3,74","10","112"
"2018","MINISTERI E AGENZIE FISCALI","LIGURIA","TD","3963","6080569","41,46",,,"4,97","12","145"
"2018","MINISTERI E AGENZIE FISCALI","SICILIA","TD","7430","13143201,11","42,46",,,"4,78","12","304"
"2018","MINISTERI E AGENZIE FISCALI","TOSCANA","TD","4725","12862492,78","53,99",,,"5,34","13","321"
"2018","MINISTERI E AGENZIE FISCALI","CALABRIA","TD","1789","3200353,56","50,42",,,"3,58","10","162"
"2018","MINISTERI E AGENZIE FISCALI","CAMPANIA","TD","6190","13405964,14","53,36",,,"3,81","13","510"
"2018","MINISTERI E AGENZIE FISCALI","PIEMONTE","TD","3665","8613416,09","51,13",,,"4,38","13","343"
"2018","MINISTERI E AGENZIE FISCALI","SARDEGNA","TD","2170","5052548,95","51,15",,,"3,78","10","163"
"2018","MINISTERI E AGENZIE FISCALI","LOMBARDIA","TD","7216","13851200,14","44,4",,,"3,48","12","651"
"2018","MINISTERI E AGENZIE FISCALI","BASILICATA","TD","693","1318542,2","56,71",,,"4,04","8","57"
"2018","MINISTERI E AGENZIE FISCALI","VALLE D'AOSTA","TD","52","109876,31","69,23",,,"5,6","4","14"
"2018","MINISTERI E AGENZIE FISCALI","EMILIA ROMAGNA","TD","3459","6413560,57","45,71",,,"4,45","13","316"
"2018","MINISTERI E AGENZIE FISCALI","TRENTINO ALTO ADIGE","TD","424","1867765,11","74,76",,,"3,58","9","23"
"2018","MINISTERI E AGENZIE FISCALI","FRIULI VENEZIA GIULIA","TD","2921","6218929,25","57,75",,,"4,56","11","159"
"2018","COMITATI E ORDINI PROFESSIONALI","LAZIO","TD","85","815997","80",,,"3,97","11","12"
"2018","COMITATI E ORDINI PROFESSIONALI","MARCHE","TD","4","57000","75",,,"9,66","1","1"
"2018","COMITATI E ORDINI PROFESSIONALI","PUGLIA","TD","2",,"0",,,"0,16","1","1"
"2018","COMITATI E ORDINI PROFESSIONALI","UMBRIA","TD","22",,"0",,,"5,86","2","2"
"2018","COMITATI E ORDINI PROFESSIONALI","VENETO","TD","10","4379,67","30",,,"8,64","6","6"
"2018","COMITATI E ORDINI PROFESSIONALI","ABRUZZO","TD","4","17396","50",,,"6,82","4","4"
"2018","COMITATI E ORDINI PROFESSIONALI","SICILIA","TD","7","63042,29","71,43",,,"8,75","3","3"
"2018","COMITATI E ORDINI PROFESSIONALI","TOSCANA","TD","27","98981,92","66,67",,,"4,16","4","4"
"2018","COMITATI E ORDINI PROFESSIONALI","CAMPANIA","TD","7","31500","42,86",,,"2,84","4","4"
"2018","COMITATI E ORDINI PROFESSIONALI","SARDEGNA","TD","6","2800","16,67",,,"6,19","2","2"
"2018","COMITATI E ORDINI PROFESSIONALI","LOMBARDIA","TD","20","2500","5",,,"6,94","3","3"
"2018","COMITATI E ORDINI PROFESSIONALI","EMILIA ROMAGNA","TD","9","12490","33,33",,,"12,59","5","5"
"2018","COMITATI E ORDINI PROFESSIONALI","FRIULI VENEZIA GIULIA","TD","2","225","100",,,"20,24","1","1"
"2018","ENTI, ISTITUTI E FONDI PREVIDENZIALI","LAZIO","TD","138","970869,17","63,04",,,"4,25","13","18"
"2018","ENTI, ISTITUTI E FONDI PREVIDENZIALI","MARCHE","TD","26","45962,92","88,46",,,"4,02","2","2"
"2018","ENTI, ISTITUTI E FONDI PREVIDENZIALI","PUGLIA","TD","14","22180","42,86",,,"7,36","1","1"
"2018","ENTI, ISTITUTI E FONDI PREVIDENZIALI","VENETO","TD","10","27750","100",,,"5,06","2","2"
"2018","ENTI, ISTITUTI E FONDI PREVIDENZIALI","ABRUZZO","TD","34","159136,38","67,65",,,"6,88","1","1"
"2018","ENTI, ISTITUTI E FONDI PREVIDENZIALI","LIGURIA","TD","2",,"0",,,"2,19","1","1"
"2018","ENTI, ISTITUTI E FONDI PREVIDENZIALI","SICILIA","TD","21","99880","66,67",,,"18,2","1","1"
"2018","ENTI, ISTITUTI E FONDI PREVIDENZIALI","TOSCANA","TD","39","243905,09","89,74",,,"4,68","2","3"
"2018","ENTI, ISTITUTI E FONDI PREVIDENZIALI","CALABRIA","TD","10",,"0",,,"8,51","1","1"
"2018","ENTI, ISTITUTI E FONDI PREVIDENZIALI","CAMPANIA","TD","3","1870","66,67",,,"3,54","2","2"
"2018","ENTI, ISTITUTI E FONDI PREVIDENZIALI","PIEMONTE","TD","6","3100","83,33",,,"2,54","1","1"
"2018","ENTI, ISTITUTI E FONDI PREVIDENZIALI","SARDEGNA","TD","41","222879,12","90,24",,,"9,85","2","3"
"2018","ENTI, ISTITUTI E FONDI PREVIDENZIALI","LOMBARDIA","TD","1","30800","100",,,"12,13","1","1"
"2018","ENTI, ISTITUTI E FONDI PREVIDENZIALI","BASILICATA","TD","10","38538,38","100",,,"4,94","1","1"
"2018","ENTI, ISTITUTI E FONDI PREVIDENZIALI","EMILIA ROMAGNA","TD","9","164270","88,89",,,"13,32","2","2"
"2018","ENTI, ISTITUTI E FONDI PREVIDENZIALI","TRENTINO ALTO ADIGE","TD","20","128048,44","95",,,"8,47","1","1"
"2018","ENTI, ISTITUTI E FONDI PREVIDENZIALI","FRIULI VENEZIA GIULIA","TD","12","23865","100",,,"5,97","1","2"
"2018","AZIENDE SANITARIE LOCALI E PROVINCIALI","LAZIO","TD","260","1819369,14","35,77",,,"5,82","10","22"
"2018","AZIENDE SANITARIE LOCALI E PROVINCIALI","MARCHE","TD","1667","7465704,33","35,63",,,"6,02","1","26"
"2018","AZIENDE SANITARIE LOCALI E PROVINCIALI","MOLISE","TD","40","78060","10",,,"4,62","1","2"
"2018","AZIENDE SANITARIE LOCALI E PROVINCIALI","PUGLIA","TD","43","207548,8","23,26",,,"6,91","3","7"
"2018","AZIENDE SANITARIE LOCALI E PROVINCIALI","UMBRIA","TD","1417","14347920,14","44,67",,,"7,43","2","9"
"2018","AZIENDE SANITARIE LOCALI E PROVINCIALI","VENETO","TD","2026","17743380,94","51,63",,,"4,84","10","64"
"2018","AZIENDE SANITARIE LOCALI E PROVINCIALI","ABRUZZO","TD","872","3445444,93","25,8",,,"5,65","4","12"
"2018","AZIENDE SANITARIE LOCALI E PROVINCIALI","LIGURIA","TD","159","1950608,11","19,5",,,"6,81","5","9"
"2018","AZIENDE SANITARIE LOCALI E PROVINCIALI","SICILIA","TD","1055","3924817,56","41,8",,,"5,59","9","29"
"2018","AZIENDE SANITARIE LOCALI E PROVINCIALI","TOSCANA","TD","10","44388","40",,,"3,31","3","6"
"2018","AZIENDE SANITARIE LOCALI E PROVINCIALI","CALABRIA","TD","110","345199","14,55",,,"6,58","4","10"
"2018","AZIENDE SANITARIE LOCALI E PROVINCIALI","CAMPANIA","TD","1369","3428446,48","17,82",,,"4,94","7","23"
"2018","AZIENDE SANITARIE LOCALI E PROVINCIALI","PIEMONTE","TD","1696","8971691,71","24,35",,,"7,1","11","47"
"2018","AZIENDE SANITARIE LOCALI E PROVINCIALI","SARDEGNA","TD","646","5071188,25","52,32",,,"5,62","1","29"
"2018","AZIENDE SANITARIE LOCALI E PROVINCIALI","LOMBARDIA","TD","306","68352,56","20,59",,,"3,92","6","9"
"2018","AZIENDE SANITARIE LOCALI E PROVINCIALI","BASILICATA","TD","300","1999606,19","26,67",,,"5,38","2","9"
"2018","AZIENDE SANITARIE LOCALI E PROVINCIALI","VALLE D'AOSTA","TD","58","89232,05","8,62",,,"7,31","1","5"
"2018","AZIENDE SANITARIE LOCALI E PROVINCIALI","EMILIA ROMAGNA","TD","1801","15784047,49","31,59",,,"5,32","8","37"
"2018","AZIENDE SANITARIE LOCALI E PROVINCIALI","TRENTINO ALTO ADIGE","TD","135","1211937,9","70,37",,,"7,61","2","8"
"2018","AZIENDE SANITARIE LOCALI E PROVINCIALI","FRIULI VENEZIA GIULIA","TD","896","2130515,77","8,82",,,"7,14","4","12"
"2018","AUTORITA' D'AMBITO, DI BACINO E PORTUALI","LAZIO","TD","47","150190,54","29,79",,,"3,63","3","6"
"2018","AUTORITA' D'AMBITO, DI BACINO E PORTUALI","MARCHE","TD","29","169172,5","58,62",,,"5,79","6","7"
"2018","AUTORITA' D'AMBITO, DI BACINO E PORTUALI","PUGLIA","TD","32","268628,35","68,75",,,"7,08","3","4"
"2018","AUTORITA' D'AMBITO, DI BACINO E PORTUALI","UMBRIA","TD","5",,"0",,,"2,64","1","1"
"2018","AUTORITA' D'AMBITO, DI BACINO E PORTUALI","VENETO","TD","73","87514,84","34,25",,,"5,08","11","12"
"2018","AUTORITA' D'AMBITO, DI BACINO E PORTUALI","ABRUZZO","TD","1",,"0",,,"0,36","1","1"
"2018","AUTORITA' D'AMBITO, DI BACINO E PORTUALI","LIGURIA","TD","47","298638","31,91",,,"4,09","2","4"
"2018","AUTORITA' D'AMBITO, DI BACINO E PORTUALI","SICILIA","TD","30","38561","20",,,"2,77","6","7"
"2018","AUTORITA' D'AMBITO, DI BACINO E PORTUALI","TOSCANA","TD","81","343000,95","64,2",,,"3,87","5","10"
"2018","AUTORITA' D'AMBITO, DI BACINO E PORTUALI","CALABRIA","TD","14","94639","78,57",,,"2,56","1","3"
"2018","AUTORITA' D'AMBITO, DI BACINO E PORTUALI","CAMPANIA","TD","89","520108,51","47,19",,,"5,94","4","6"
"2018","AUTORITA' D'AMBITO, DI BACINO E PORTUALI","PIEMONTE","TD","8","159,68","25",,,"6,04","5","5"
"2018","AUTORITA' D'AMBITO, DI BACINO E PORTUALI","SARDEGNA","TD","32","299187,85","81,25",,,"4,01","2","7"
"2018","AUTORITA' D'AMBITO, DI BACINO E PORTUALI","LOMBARDIA","TD","15","42698","26,67",,,"5,75","6","7"
"2018","AUTORITA' D'AMBITO, DI BACINO E PORTUALI","EMILIA ROMAGNA","TD","23","17640","30,43",,,"3,26","2","7"
"2018","AUTORITA' D'AMBITO, DI BACINO E PORTUALI","FRIULI VENEZIA GIULIA","TD","35","582615,75","94,29",,,"4,42","1","5"
"2018","ORGANI COSTITUZIONALI E ORGANI DELLO STATO","LAZIO","TD","478","4031400,38","74,06",,,"4,43","8","57"
"2018","ORGANI COSTITUZIONALI E ORGANI DELLO STATO","MARCHE","TD","32","67983","96,88",,,"5,62","3","4"
"2018","ORGANI COSTITUZIONALI E ORGANI DELLO STATO","MOLISE","TD","27","96847,19","66,67",,,"4,39","3","3"
"2018","ORGANI COSTITUZIONALI E ORGANI DELLO STATO","PUGLIA","TD","53","93944,16","45,28",,,"3,55","4","7"
"2018","ORGANI COSTITUZIONALI E ORGANI DELLO STATO","UMBRIA","TD","21","44546","47,62",,,"2,38","3","3"
"2018","ORGANI COSTITUZIONALI E ORGANI DELLO STATO","VENETO","TD","15","21370","66,67",,,"5,03","2","2"
"2018","ORGANI COSTITUZIONALI E ORGANI DELLO STATO","ABRUZZO","TD","12","100294,68","83,33",,,"3,7","2","3"
"2018","ORGANI COSTITUZIONALI E ORGANI DELLO STATO","LIGURIA","TD","69","199485,81","55,07",,,"3,85","4","4"
"2018","ORGANI COSTITUZIONALI E ORGANI DELLO STATO","SICILIA","TD","81","267853,71","79,01",,,"3,62","4","8"
"2018","ORGANI COSTITUZIONALI E ORGANI DELLO STATO","TOSCANA","TD","101","379953,79","37,62",,,"7,57","3","3"
"2018","ORGANI COSTITUZIONALI E ORGANI DELLO STATO","CALABRIA","TD","16","15220","37,5",,,"4,76","3","5"
"2018","ORGANI COSTITUZIONALI E ORGANI DELLO STATO","CAMPANIA","TD","50","180300,63","72",,,"6,53","4","6"
"2018","ORGANI COSTITUZIONALI E ORGANI DELLO STATO","PIEMONTE","TD","21","88081,57","52,38",,,"5,98","3","3"
"2018","ORGANI COSTITUZIONALI E ORGANI DELLO STATO","SARDEGNA","TD","77","137383,15","88,31",,,"2,91","4","4"
"2018","ORGANI COSTITUZIONALI E ORGANI DELLO STATO","LOMBARDIA","TD","60","105378,35","65",,,"3,77","3","7"
"2018","ORGANI COSTITUZIONALI E ORGANI DELLO STATO","BASILICATA","TD","12","90983,72","50",,,"4,98","3","3"
"2018","ORGANI COSTITUZIONALI E ORGANI DELLO STATO","VALLE D'AOSTA","TD","10","18272,46","80",,,"5,75","2","2"
"2018","ORGANI COSTITUZIONALI E ORGANI DELLO STATO","EMILIA ROMAGNA","TD","55","342125,01","76,36",,,"4,38","3","5"
"2018","ORGANI COSTITUZIONALI E ORGANI DELLO STATO","TRENTINO ALTO ADIGE","TD","12","37010","83,33",,,"10,34","1","2"
"2018","ORGANI COSTITUZIONALI E ORGANI DELLO STATO","FRIULI VENEZIA GIULIA","TD","33","44241","57,58",,,"4,4","4","5"
"2018","AZIENDE ED ENTI DI SERVIZI SOCIO ASSISTENZIALI","LAZIO","TD","10","75200","30",,,"6,81","2","7"
"2018","AZIENDE ED ENTI DI SERVIZI SOCIO ASSISTENZIALI","MARCHE","TD","15","81686,31","66,67",,,"5,12","5","5"
"2018","AZIENDE ED ENTI DI SERVIZI SOCIO ASSISTENZIALI","PUGLIA","TD","3","9568,85","66,67",,,"4,21","2","2"
"2018","AZIENDE ED ENTI DI SERVIZI SOCIO ASSISTENZIALI","UMBRIA","TD","8","17780","75",,,"3,49","3","4"
"2018","AZIENDE ED ENTI DI SERVIZI SOCIO ASSISTENZIALI","VENETO","TD","1515","4534229,77","33,07",,,"4,68","10","83"
"2018","AZIENDE ED ENTI DI SERVIZI SOCIO ASSISTENZIALI","LIGURIA","TD","2","45134,95","100",,,"1,82","1","2"
"2018","AZIENDE ED ENTI DI SERVIZI SOCIO ASSISTENZIALI","SICILIA","TD","16","97936,06","100",,,"6,66","1","1"
"2018","AZIENDE ED ENTI DI SERVIZI SOCIO ASSISTENZIALI","TOSCANA","TD","155","238831,97","20,65",,,"7,99","15","20"
"2018","AZIENDE ED ENTI DI SERVIZI SOCIO ASSISTENZIALI","PIEMONTE","TD","130","212021,7","68,46",,,"2,65","3","8"
"2018","AZIENDE ED ENTI DI SERVIZI SOCIO ASSISTENZIALI","SARDEGNA","TD","1","66000","100",,,"7,25","1","1"
"2018","AZIENDE ED ENTI DI SERVIZI SOCIO ASSISTENZIALI","LOMBARDIA","TD","38","124743","18,42",,,"4,41","9","9"
"2018","AZIENDE ED ENTI DI SERVIZI SOCIO ASSISTENZIALI","EMILIA ROMAGNA","TD","730","4559044,19","75,21",,,"4,81","29","48"
"2018","AZIENDE ED ENTI DI SERVIZI SOCIO ASSISTENZIALI","TRENTINO ALTO ADIGE","TD","67","231928,62","40,3",,,"4,59","17","21"
"2018","AZIENDE ED ENTI DI SERVIZI SOCIO ASSISTENZIALI","FRIULI VENEZIA GIULIA","TD","129","454639,74","65,89",,,"5,45","11","17"
"2018","ENTI DI VOLONTARIATO, ASSOCIAZIONI E FONDAZIONI","LAZIO","TD","69","625180","60,87",,,"1,69","2","3"
"2018","AZIENDE ED ENTI TERRITORIALI DI SERVIZI PUBBLICI","LAZIO","TD","630","2081817,61","33,81",,,"3,85","51","74"
"2018","AZIENDE ED ENTI TERRITORIALI DI SERVIZI PUBBLICI","MARCHE","TD","377","710317,11","38,2",,,"5,11","16","23"
"2018","AZIENDE ED ENTI TERRITORIALI DI SERVIZI PUBBLICI","MOLISE","TD","13","203693","61,54",,,"3,27","8","8"
"2018","AZIENDE ED ENTI TERRITORIALI DI SERVIZI PUBBLICI","PUGLIA","TD","262","1176590,74","40,84",,,"4,59","21","31"
"2018","AZIENDE ED ENTI TERRITORIALI DI SERVIZI PUBBLICI","UMBRIA","TD","117","3348285,53","83,76",,,"5,36","11","11"
"2018","AZIENDE ED ENTI TERRITORIALI DI SERVIZI PUBBLICI","VENETO","TD","619","1757571,43","59,77",,,"4,74","44","62"
"2018","AZIENDE ED ENTI TERRITORIALI DI SERVIZI PUBBLICI","ABRUZZO","TD","160","632821,38","56,88",,,"3,64","14","21"
"2018","AZIENDE ED ENTI TERRITORIALI DI SERVIZI PUBBLICI","LIGURIA","TD","193","921867,35","65,8",,,"4,69","22","23"
"2018","AZIENDE ED ENTI TERRITORIALI DI SERVIZI PUBBLICI","SICILIA","TD","510","1596057,12","24,31",,,"3,89","36","57"
"2018","AZIENDE ED ENTI TERRITORIALI DI SERVIZI PUBBLICI","TOSCANA","TD","434","1366148,08","45,16",,,"4,44","43","50"
"2018","AZIENDE ED ENTI TERRITORIALI DI SERVIZI PUBBLICI","CALABRIA","TD","140","601601,79","58,57",,,"4,2","11","12"
"2018","AZIENDE ED ENTI TERRITORIALI DI SERVIZI PUBBLICI","CAMPANIA","TD","435","1919471,31","37,24",,,"2,85","45","53"
"2018","AZIENDE ED ENTI TERRITORIALI DI SERVIZI PUBBLICI","PIEMONTE","TD","601","3151713,86","62,23",,,"5,17","44","55"
"2018","AZIENDE ED ENTI TERRITORIALI DI SERVIZI PUBBLICI","SARDEGNA","TD","409","1600078,26","58,44",,,"4,24","30","73"
"2018","AZIENDE ED ENTI TERRITORIALI DI SERVIZI PUBBLICI","LOMBARDIA","TD","366","2153308,53","45,63",,,"5,22","62","70"
"2018","AZIENDE ED ENTI TERRITORIALI DI SERVIZI PUBBLICI","BASILICATA","TD","158","594056,74","75,95",,,"5,19","10","13"
"2018","AZIENDE ED ENTI TERRITORIALI DI SERVIZI PUBBLICI","VALLE D'AOSTA","TD","45","85425,6","40",,,"10,3","5","6"
"2018","AZIENDE ED ENTI TERRITORIALI DI SERVIZI PUBBLICI","EMILIA ROMAGNA","TD","625","4761668,05","73,76",,,"6,49","55","85"
"2018","AZIENDE ED ENTI TERRITORIALI DI SERVIZI PUBBLICI","TRENTINO ALTO ADIGE","TD","61","101600","14,75",,,"4,35","13","17"
"2018","AZIENDE ED ENTI TERRITORIALI DI SERVIZI PUBBLICI","FRIULI VENEZIA GIULIA","TD","401","4222847,28","78,55",,,"5,84","18","28"
"2018","S.P.A. DELLO STATO E SOCIETA' PARTECIPATE STATALI","LAZIO","TD","870","9323892,68","63,56",,,"10,04","14","22"
"2018","S.P.A. DELLO STATO E SOCIETA' PARTECIPATE STATALI","PUGLIA","TD","2","1990","50",,,"3,64","1","1"
"2018","S.P.A. DELLO STATO E SOCIETA' PARTECIPATE STATALI","TOSCANA","TD","2",,"0",,,"17,63","1","1"
"2018","S.P.A. DELLO STATO E SOCIETA' PARTECIPATE STATALI","CAMPANIA","TD","31","449936,8","83,87",,,"9,6","1","1"
"2018","S.P.A. DELLO STATO E SOCIETA' PARTECIPATE STATALI","BASILICATA","TD","2",,"0",,,"23,22","2","2"
"2018","S.P.A. DELLO STATO E SOCIETA' PARTECIPATE STATALI","VALLE D'AOSTA","TD","4",,"0",,,"10,77","1","1"
"2018","ENTI PUBBLICI NON ECONOMICI DELLO STATO ED AUTHORITY","LAZIO","TD","2107","11750363,71","68,91",,,"4,66","39","126"
"2018","ENTI PUBBLICI NON ECONOMICI DELLO STATO ED AUTHORITY","MARCHE","TD","35","89307,49","74,29",,,"4,91","3","9"
"2018","ENTI PUBBLICI NON ECONOMICI DELLO STATO ED AUTHORITY","MOLISE","TD","3","11850","100",,,"6,93","1","1"
"2018","ENTI PUBBLICI NON ECONOMICI DELLO STATO ED AUTHORITY","PUGLIA","TD","391","501304,39","75,19",,,"7,31","3","14"
"2018","ENTI PUBBLICI NON ECONOMICI DELLO STATO ED AUTHORITY","UMBRIA","TD","37","53384,09","35,14",,,"4,63","2","4"
"2018","ENTI PUBBLICI NON ECONOMICI DELLO STATO ED AUTHORITY","VENETO","TD","118","548900,92","77,97",,,"4,44","3","16"
"2018","ENTI PUBBLICI NON ECONOMICI DELLO STATO ED AUTHORITY","ABRUZZO","TD","20","14189,87","50",,,"3,95","2","6"
"2018","ENTI PUBBLICI NON ECONOMICI DELLO STATO ED AUTHORITY","LIGURIA","TD","112","214874,67","72,32",,,"3,62","3","10"
"2018","ENTI PUBBLICI NON ECONOMICI DELLO STATO ED AUTHORITY","SICILIA","TD","101","178794,07","25,74",,,"3,99","3","9"
"2018","ENTI PUBBLICI NON ECONOMICI DELLO STATO ED AUTHORITY","TOSCANA","TD","277","715758,93","67,51",,,"5,83","4","24"
"2018","ENTI PUBBLICI NON ECONOMICI DELLO STATO ED AUTHORITY","CALABRIA","TD","53","268850,12","30,19",,,"5,38","4","10"
"2018","ENTI PUBBLICI NON ECONOMICI DELLO STATO ED AUTHORITY","CAMPANIA","TD","213","731315,23","69,95",,,"4,3","4","14"
"2018","ENTI PUBBLICI NON ECONOMICI DELLO STATO ED AUTHORITY","PIEMONTE","TD","82","140216,72","45,12",,,"4,29","3","13"
"2018","ENTI PUBBLICI NON ECONOMICI DELLO STATO ED AUTHORITY","SARDEGNA","TD","31","160374","38,71",,,"5,65","1","2"
"2018","ENTI PUBBLICI NON ECONOMICI DELLO STATO ED AUTHORITY","LOMBARDIA","TD","210","295905","35,24",,,"6,17","6","27"
"2018","ENTI PUBBLICI NON ECONOMICI DELLO STATO ED AUTHORITY","BASILICATA","TD","9",,"0",,,"0,44","2","3"
"2018","ENTI PUBBLICI NON ECONOMICI DELLO STATO ED AUTHORITY","VALLE D'AOSTA","TD","3",,"0",,,"4,51","2","2"
"2018","ENTI PUBBLICI NON ECONOMICI DELLO STATO ED AUTHORITY","EMILIA ROMAGNA","TD","337","868812,03","82,2",,,"6,19","3","21"
"2018","ENTI PUBBLICI NON ECONOMICI DELLO STATO ED AUTHORITY","TRENTINO ALTO ADIGE","TD","31","101300","38,71",,,"3,44","1","4"
"2018","ENTI PUBBLICI NON ECONOMICI DELLO STATO ED AUTHORITY","FRIULI VENEZIA GIULIA","TD","34","73114,92","73,53",,,"7,69","2","6"
"2018","CONSORZI, UNIONI DI COMUNI, COMUNITA' MONTANE E ISOLANE","LAZIO","TD","107","390859,62","40,19",,,"5,13","33","36"
"2018","CONSORZI, UNIONI DI COMUNI, COMUNITA' MONTANE E ISOLANE","MARCHE","TD","124","1199725,22","62,1",,,"4,88","18","32"
"2018","CONSORZI, UNIONI DI COMUNI, COMUNITA' MONTANE E ISOLANE","MOLISE","TD","15",,"0",,,"1,1","4","5"
"2018","CONSORZI, UNIONI DI COMUNI, COMUNITA' MONTANE E ISOLANE","PUGLIA","TD","48","347577,28","47,92",,,"3,55","19","20"
"2018","CONSORZI, UNIONI DI COMUNI, COMUNITA' MONTANE E ISOLANE","UMBRIA","TD","14","11904,41","14,29",,,"3,47","4","5"
"2018","CONSORZI, UNIONI DI COMUNI, COMUNITA' MONTANE E ISOLANE","VENETO","TD","656","1904777,39","42,84",,,"4,48","51","105"
"2018","CONSORZI, UNIONI DI COMUNI, COMUNITA' MONTANE E ISOLANE","ABRUZZO","TD","37","225433,62","48,65",,,"3,18","9","12"
"2018","CONSORZI, UNIONI DI COMUNI, COMUNITA' MONTANE E ISOLANE","LIGURIA","TD","131","1091801,18","70,23",,,"3,97","9","18"
"2018","CONSORZI, UNIONI DI COMUNI, COMUNITA' MONTANE E ISOLANE","SICILIA","TD","38","43811,56","26,32",,,"3,35","15","17"
"2018","CONSORZI, UNIONI DI COMUNI, COMUNITA' MONTANE E ISOLANE","TOSCANA","TD","130","369845","30",,,"4,88","24","42"
"2018","CONSORZI, UNIONI DI COMUNI, COMUNITA' MONTANE E ISOLANE","CALABRIA","TD","34","88148,15","44,12",,,"3,97","4","4"
"2018","CONSORZI, UNIONI DI COMUNI, COMUNITA' MONTANE E ISOLANE","CAMPANIA","TD","129","966844,03","43,41",,,"5,62","29","34"
"2018","CONSORZI, UNIONI DI COMUNI, COMUNITA' MONTANE E ISOLANE","PIEMONTE","TD","1079","7723761,34","64,41",,,"5,67","122","199"
"2018","CONSORZI, UNIONI DI COMUNI, COMUNITA' MONTANE E ISOLANE","SARDEGNA","TD","202","619519,29","43,07",,,"3,13","38","54"
"2018","CONSORZI, UNIONI DI COMUNI, COMUNITA' MONTANE E ISOLANE","LOMBARDIA","TD","340","925460,29","37,35",,,"3,68","73","100"
"2018","CONSORZI, UNIONI DI COMUNI, COMUNITA' MONTANE E ISOLANE","BASILICATA","TD","2","5000","50",,,"5,01","2","2"
"2018","CONSORZI, UNIONI DI COMUNI, COMUNITA' MONTANE E ISOLANE","VALLE D'AOSTA","TD","62","223845,5","35,48",,,"5,42","9","18"
"2018","CONSORZI, UNIONI DI COMUNI, COMUNITA' MONTANE E ISOLANE","EMILIA ROMAGNA","TD","1308","5427604","51,15",,,"5,8","45","190"
"2018","CONSORZI, UNIONI DI COMUNI, COMUNITA' MONTANE E ISOLANE","TRENTINO ALTO ADIGE","TD","21","212930","71,43",,,"5,24","10","13"
"2018","CONSORZI, UNIONI DI COMUNI, COMUNITA' MONTANE E ISOLANE","FRIULI VENEZIA GIULIA","TD","493","2219070,58","58,62",,,"4,52","22","48"
"2018","AZIENDE OSPEDALIERE, POLICLINICI, IRCCS e ISTITUTI ZOOPROFILATTICI","LAZIO","TD","627","2628838,87","48,64",,,"5,58","8","27"
"2018","AZIENDE OSPEDALIERE, POLICLINICI, IRCCS e ISTITUTI ZOOPROFILATTICI","MARCHE","TD","575","10524353,38","80,87",,,"6,11","3","12"
"2018","AZIENDE OSPEDALIERE, POLICLINICI, IRCCS e ISTITUTI ZOOPROFILATTICI","PUGLIA","TD","318","2930602,36","23,58",,,"9,22","5","8"
"2018","AZIENDE OSPEDALIERE, POLICLINICI, IRCCS e ISTITUTI ZOOPROFILATTICI","UMBRIA","TD","872","1686722,31","23,85",,,"6,87","3","4"
"2018","AZIENDE OSPEDALIERE, POLICLINICI, IRCCS e ISTITUTI ZOOPROFILATTICI","VENETO","TD","1342","8437376,35","34,13",,,"5,68","4","20"
"2018","AZIENDE OSPEDALIERE, POLICLINICI, IRCCS e ISTITUTI ZOOPROFILATTICI","ABRUZZO","TD","83",,"0",,,"7,32","1","1"
"2018","AZIENDE OSPEDALIERE, POLICLINICI, IRCCS e ISTITUTI ZOOPROFILATTICI","LIGURIA","TD","89","109207,13","6,74",,,"7,77","3","4"
"2018","AZIENDE OSPEDALIERE, POLICLINICI, IRCCS e ISTITUTI ZOOPROFILATTICI","SICILIA","TD","374","2074216,55","31,02",,,"6,87","9","18"
"2018","AZIENDE OSPEDALIERE, POLICLINICI, IRCCS e ISTITUTI ZOOPROFILATTICI","TOSCANA","TD","12","1451","8,33",,,"4,15","3","4"
"2018","AZIENDE OSPEDALIERE, POLICLINICI, IRCCS e ISTITUTI ZOOPROFILATTICI","CALABRIA","TD","191","1869871,89","32,46",,,"5,73","4","9"
"2018","AZIENDE OSPEDALIERE, POLICLINICI, IRCCS e ISTITUTI ZOOPROFILATTICI","CAMPANIA","TD","890","2796947,6","17,42",,,"6,69","10","17"
"2018","AZIENDE OSPEDALIERE, POLICLINICI, IRCCS e ISTITUTI ZOOPROFILATTICI","PIEMONTE","TD","1244","17475124,15","24,12",,,"9,49","7","21"
"2018","AZIENDE OSPEDALIERE, POLICLINICI, IRCCS e ISTITUTI ZOOPROFILATTICI","SARDEGNA","TD","532","4812193,64","50,56",,,"6,97","4","11"
"2018","AZIENDE OSPEDALIERE, POLICLINICI, IRCCS e ISTITUTI ZOOPROFILATTICI","LOMBARDIA","TD","1735","3299463,57","33,37",,,"4,37","28","42"
"2018","AZIENDE OSPEDALIERE, POLICLINICI, IRCCS e ISTITUTI ZOOPROFILATTICI","BASILICATA","TD","507","3010427","47,93",,,"5,94","2","7"
"2018","AZIENDE OSPEDALIERE, POLICLINICI, IRCCS e ISTITUTI ZOOPROFILATTICI","EMILIA ROMAGNA","TD","692","6667008,43","45,52",,,"6,72","7","13"
"2018","AZIENDE OSPEDALIERE, POLICLINICI, IRCCS e ISTITUTI ZOOPROFILATTICI","FRIULI VENEZIA GIULIA","TD","608","958181,84","17,11",,,"5,42","3","11"
"2018","AZIENDE, ISTITUTI, SOCIETA', CONSORZI ED ENTI DI SERVIZI SANITARI PUBBLICI","LAZIO","TD","210","927616,4","43,81",,,"5,74","5","9"
"2018","AZIENDE, ISTITUTI, SOCIETA', CONSORZI ED ENTI DI SERVIZI SANITARI PUBBLICI","MARCHE","TD","1","9950","100",,,"1,35","1","1"
"2018","AZIENDE, ISTITUTI, SOCIETA', CONSORZI ED ENTI DI SERVIZI SANITARI PUBBLICI","PUGLIA","TD","9","589,2","11,11",,,"5,77","3","4"
"2018","AZIENDE, ISTITUTI, SOCIETA', CONSORZI ED ENTI DI SERVIZI SANITARI PUBBLICI","VENETO","TD","13","62907,42","53,85",,,"4,84","1","1"
"2018","AZIENDE, ISTITUTI, SOCIETA', CONSORZI ED ENTI DI SERVIZI SANITARI PUBBLICI","ABRUZZO","TD","1","3450","100",,,"0,28","1","1"
"2018","AZIENDE, ISTITUTI, SOCIETA', CONSORZI ED ENTI DI SERVIZI SANITARI PUBBLICI","LIGURIA","TD","1",,"0",,,"4,98","1","1"
"2018","AZIENDE, ISTITUTI, SOCIETA', CONSORZI ED ENTI DI SERVIZI SANITARI PUBBLICI","TOSCANA","TD","7","72197","85,71",,,"7,23","1","3"
"2018","AZIENDE, ISTITUTI, SOCIETA', CONSORZI ED ENTI DI SERVIZI SANITARI PUBBLICI","PIEMONTE","TD","1",,"0",,,"5,35","1","1"
"2018","AZIENDE, ISTITUTI, SOCIETA', CONSORZI ED ENTI DI SERVIZI SANITARI PUBBLICI","LOMBARDIA","TD","1",,"0",,,"0,29","1","1"
"2018","AZIENDE, ISTITUTI, SOCIETA', CONSORZI ED ENTI DI SERVIZI SANITARI PUBBLICI","BASILICATA","TD","1",,"0",,,"0,37","1","1"
"2018","AZIENDE, ISTITUTI, SOCIETA', CONSORZI ED ENTI DI SERVIZI SANITARI PUBBLICI","EMILIA ROMAGNA","TD","6","29750","66,67",,,"3,01","1","1"
"2018","AZIENDE, ISTITUTI, SOCIETA', CONSORZI ED ENTI DI SERVIZI SANITARI PUBBLICI","TRENTINO ALTO ADIGE","TD","1","8000","100",,,"6,39","1","1"
"2018","AZIENDE, ISTITUTI, SOCIETA', CONSORZI ED ENTI DI SERVIZI SANITARI PUBBLICI","FRIULI VENEZIA GIULIA","TD","1201","2995232,24","7,83",,,"5,75","2","7"
"2018","COMUNI","LAZIO","RdO","2419","208089349,68",,"83,0445544554455","269,712369597616","13,54","176","477"
"2018","COMUNI","MARCHE","RdO","1775","38843441",,"82,7236916150816","119,366666666667","9,51","147","395"
"2018","COMUNI","MOLISE","RdO","128","4211272,86",,"86,71875","14,2882882882883","7,86","43","58"
"2018","COMUNI","PUGLIA","RdO","2056","103643206,83",,"76,1186770428016","173,348881789137","12,33","197","606"
"2018","COMUNI","UMBRIA","RdO","1086","20657581,44",,"72,7941176470588","165,415404040404","9,94","81","243"
"2018","COMUNI","VENETO","RdO","5778","148545349,51",,"92,54712087152","42,7221599402093","10,59","449","1154"
"2018","COMUNI","ABRUZZO","RdO","764","27711826,81",,"93,0809399477807","112,011220196353","9,76","115","210"
"2018","COMUNI","LIGURIA","RdO","1512","42712425,51",,"85,7804232804233","454,64533538936","11,83","118","287"
"2018","COMUNI","SICILIA","RdO","2063","83572592,26",,"75,544794188862","171,701282051282","12,58","256","529"
"2018","COMUNI","TOSCANA","RdO","937","13128364,92",,"75,2401280683031","241,660992907801","10,05","141","286"
"2018","COMUNI","CALABRIA","RdO","1386","58918599,38",,"60,3746397694525","300,568019093079","12,03","234","396"
"2018","COMUNI","CAMPANIA","RdO","2649","147321149,32",,"77,9245283018868","266,15205811138","11,65","282","730"
"2018","COMUNI","PIEMONTE","RdO","4672","150190471,35",,"88,3636363636364","108,527475187606","12,56","580","1094"
"2018","COMUNI","SARDEGNA","RdO","1437","210879806,61",,"89,7703549060543","171,144522144522","10,45","233","429"
"2018","COMUNI","LOMBARDIA","RdO","1903","21538197,96",,"82,1860220704151","54,5728900255754","8,6","435","701"
"2018","COMUNI","BASILICATA","RdO","240","4575504,32",,"70","483,583333333333","9,31","45","74"
"2018","COMUNI","VALLE D'AOSTA","RdO","499","4156402,52",,"94,4111776447106","179,983086680761","10,14","61","90"
"2018","COMUNI","EMILIA ROMAGNA","RdO","3633","79864928,51",,"86,8225584594223","112,743029150824","10,57","272","745"
"2018","COMUNI","TRENTINO ALTO ADIGE","RdO","349","5468534,6",,"90,8309455587392","42,5867507886435","9,15","69","117"
"2018","COMUNI","FRIULI VENEZIA GIULIA","RdO","2672","56960268,75",,"97,4195961106956","79,263339731286","9,87","179","481"
"2018","REGIONI","LAZIO","RdO","38","2775905,6",,"92,1052631578947","8,54285714285714","12,8","1","9"
"2018","REGIONI","MARCHE","RdO","64","5426642,04",,"62,5","961,2","15,75","1","15"
"2018","REGIONI","MOLISE","RdO","40","1296506,09",,"100","19,725","13,53","1","10"
"2018","REGIONI","PUGLIA","RdO","4","121790,17",,"100","44,5","10,38","1","3"
"2018","REGIONI","UMBRIA","RdO","162","4957466,01",,"18,5185185185185","504,866666666667","10,81","1","2"
"2018","REGIONI","VENETO","RdO","230","22156873,22",,"85,6521739130435","670,482233502538","16,63","1","42"
"2018","REGIONI","ABRUZZO","RdO","62","3112994,84",,"75,8064516129032","50,5744680851064","11,36","1","21"
"2018","REGIONI","LIGURIA","RdO","7","167524,85",,"100","1937,28571428571","22,03","1","3"
"2018","REGIONI","SICILIA","RdO","843","21012517,22",,"83,6298932384342","219,351773049645","10,53","1","126"
"2018","REGIONI","TOSCANA","RdO","1","3200",,"100","6","9,09","1","1"
"2018","REGIONI","CALABRIA","RdO","60","4781149,98",,"93,3333333333333","108,107142857143","14,47","1","22"
"2018","REGIONI","CAMPANIA","RdO","32","1844117,41",,"100","719,84375","12,85","1","6"
"2018","REGIONI","PIEMONTE","RdO","145","5635811,18",,"61,3793103448276","258,089887640449","18,49","1","28"
"2018","REGIONI","SARDEGNA","RdO","17","1441231,64",,"76,4705882352941","132,692307692308","21,16","1","10"
"2018","REGIONI","LOMBARDIA","RdO","3","56557,37",,"100","18,6666666666667","19,53","1","1"
"2018","REGIONI","BASILICATA","RdO","43","1949989,37",,"90,6976744186046","99,4871794871795","16,05","1","15"
"2018","REGIONI","VALLE D'AOSTA","RdO","189","3065499,17",,"87,3015873015873","25,8060606060606","11,08","1","32"
"2018","REGIONI","EMILIA ROMAGNA","RdO","55","4805477,82",,"100","6,14545454545455","12,52","1","15"
"2018","REGIONI","TRENTINO ALTO ADIGE","RdO","26","712872,04",,"96,1538461538462","7,32","15,74","1","5"
"2018","REGIONI","FRIULI VENEZIA GIULIA","RdO","182","6352481,3",,"78,5714285714286","35,5104895104895","13,72","1","29"
"2018","PROVINCE","LAZIO","RdO","145","13370860,68",,"91,0344827586207","139,659090909091","17,38","5","24"
"2018","PROVINCE","MARCHE","RdO","191","4466732,07",,"94,7643979057592","204,110497237569","8,74","5","21"
"2018","PROVINCE","MOLISE","RdO","12","251867,09",,"66,6666666666667","26,25","11,99","2","4"
"2018","PROVINCE","PUGLIA","RdO","138","6597442,52",,"79,7101449275362","68,8","14,76","6","19"
"2018","PROVINCE","UMBRIA","RdO","105","3049071,47",,"97,1428571428571","396,186274509804","8,03","2","12"
"2018","PROVINCE","VENETO","RdO","338","16370528,38",,"85,7988165680473","21,3793103448276","11,36","7","38"
"2018","PROVINCE","ABRUZZO","RdO","63","3133443,85",,"96,875","66,9354838709677","10,22","4","13"
"2018","PROVINCE","LIGURIA","RdO","90","7451448,43",,"94,4444444444444","16,2705882352941","15,64","4","11"
"2018","PROVINCE","SICILIA","RdO","151","7725340,48",,"81,4569536423841","367,707317073171","14,06","9","29"
"2018","PROVINCE","TOSCANA","RdO","225","13601529,86",,"52,8888888888889","881,218487394958","15,96","10","27"
"2018","PROVINCE","CALABRIA","RdO","159","4700992,48",,"88,6792452830189","244,886524822695","11,4","5","19"
"2018","PROVINCE","CAMPANIA","RdO","262","47923754,97",,"57,6335877862595","65,6490066225166","14,91","5","25"
"2018","PROVINCE","PIEMONTE","RdO","262","25205651,67",,"81,6793893129771","349,878504672897","13,88","7","25"
"2018","PROVINCE","SARDEGNA","RdO","98","2019836,87",,"89,7959183673469","554,25","12,73","5","18"
"2018","PROVINCE","LOMBARDIA","RdO","110","1945195,46",,"94,5454545454545","15,2403846153846","10,29","12","28"
"2018","PROVINCE","BASILICATA","RdO","17","894122,16",,"47,0588235294118","14,25","13,19","2","4"
"2018","PROVINCE","EMILIA ROMAGNA","RdO","197","12786932,18",,"80,7106598984772","33,0754716981132","11,28","9","33"
"2018","PROVINCE","TRENTINO ALTO ADIGE","RdO","118","1071435,5",,"83,8983050847458","4,62626262626263","10,1","2","12"
"2018","CAMERE DI COMMERCIO","LAZIO","RdO","166","5737321,16",,"93,9759036144578","252,038461538462","13,19","12","20"
"2018","CAMERE DI COMMERCIO","MARCHE","RdO","38","307395,24",,"71,0526315789474","38,962962962963","14,86","2","5"
"2018","CAMERE DI COMMERCIO","MOLISE","RdO","1","1175",,"100","5","13,89","1","1"
"2018","CAMERE DI COMMERCIO","PUGLIA","RdO","64","1610336",,"98,4375","43,9523809523809","14,16","6","8"
"2018","CAMERE DI COMMERCIO","UMBRIA","RdO","32","343490",,"100","55,625","10,72","2","2"
"2018","CAMERE DI COMMERCIO","VENETO","RdO","173","1946060,82",,"75,7225433526011","264,656488549618","10,35","8","12"
"2018","CAMERE DI COMMERCIO","ABRUZZO","RdO","46","997100,5",,"65,2173913043478","231,233333333333","14,48","6","6"
"2018","CAMERE DI COMMERCIO","LIGURIA","RdO","31","448169,2",,"48,3870967741936","70,6","12,86","3","3"
"2018","CAMERE DI COMMERCIO","SICILIA","RdO","4","42560",,"100","75,25","7,18","1","3"
"2018","CAMERE DI COMMERCIO","TOSCANA","RdO","125","987381,88",,"80","248,59","11,81","11","16"
"2018","CAMERE DI COMMERCIO","CALABRIA","RdO","48","516433,43",,"41,6666666666667","64,2","12,74","6","11"
"2018","CAMERE DI COMMERCIO","CAMPANIA","RdO","84","1103740,09",,"70,2380952380952","876,847457627119","11,66","9","14"
"2018","CAMERE DI COMMERCIO","PIEMONTE","RdO","126","1662539,33",,"88,0952380952381","37,0900900900901","13,4","11","14"
"2018","CAMERE DI COMMERCIO","SARDEGNA","RdO","34","644981,55",,"70,5882352941177","32,2916666666667","9,14","6","8"
"2018","CAMERE DI COMMERCIO","LOMBARDIA","RdO","39","211638,45",,"84,6153846153846","342,212121212121","10,21","9","9"
"2018","CAMERE DI COMMERCIO","VALLE D'AOSTA","RdO","7","38891,56",,"71,4285714285714","10,2","13,28","1","1"
"2018","CAMERE DI COMMERCIO","EMILIA ROMAGNA","RdO","107","811984",,"91,588785046729","20,5204081632653","7,42","9","11"
"2018","CAMERE DI COMMERCIO","TRENTINO ALTO ADIGE","RdO","8","288854",,"100","237,375","16,29","2","2"
"2018","CAMERE DI COMMERCIO","FRIULI VENEZIA GIULIA","RdO","43","580759,18",,"100","5,41860465116279","7,24","5","8"
"2018","CONSERVATORI E ACCADEMIE","LAZIO","RdO","84","1178045,47",,"96,4285714285714","246,654320987654","7,29","7","7"
"2018","CONSERVATORI E ACCADEMIE","MARCHE","RdO","4","11600",,"75","118,666666666667","8,96","2","2"
"2018","CONSERVATORI E ACCADEMIE","PUGLIA","RdO","59","655340,93",,"100","19,5593220338983","16,7","6","7"
"2018","CONSERVATORI E ACCADEMIE","UMBRIA","RdO","13","15600",,"100","893","5,55","1","1"
"2018","CONSERVATORI E ACCADEMIE","VENETO","RdO","33","162173,3",,"87,8787878787879","9,86206896551724","22,52","7","9"
"2018","CONSERVATORI E ACCADEMIE","ABRUZZO","RdO","15","127524",,"60","13,6666666666667","11,59","4","4"
"2018","CONSERVATORI E ACCADEMIE","LIGURIA","RdO","11","19872,13",,"100","4,81818181818182","12,49","2","2"
"2018","CONSERVATORI E ACCADEMIE","SICILIA","RdO","35","128676,28",,"100","461","13,39","2","2"
"2018","CONSERVATORI E ACCADEMIE","TOSCANA","RdO","45","442510,69",,"64,4444444444444","136,689655172414","14,73","4","4"
"2018","CONSERVATORI E ACCADEMIE","CALABRIA","RdO","36","187560",,"88,8888888888889","15,03125","12,88","4","4"
"2018","CONSERVATORI E ACCADEMIE","CAMPANIA","RdO","98","727439",,"81,6326530612245","12,725","13,16","4","5"
"2018","CONSERVATORI E ACCADEMIE","PIEMONTE","RdO","60","939482,88",,"100","29,85","13,48","5","8"
"2018","CONSERVATORI E ACCADEMIE","SARDEGNA","RdO","40","294104,69",,"57,5","8,47826086956522","15,3","3","3"
"2018","CONSERVATORI E ACCADEMIE","LOMBARDIA","RdO","33","1188689,35",,"75,7575757575758","106,04","17,58","5","6"
"2018","CONSERVATORI E ACCADEMIE","BASILICATA","RdO","32","89851,11",,"53,125","5,35294117647059","13,45","2","2"
"2018","CONSERVATORI E ACCADEMIE","EMILIA ROMAGNA","RdO","43","509850",,"95,3488372093023","14,9024390243902","14,21","6","6"
"2018","CONSERVATORI E ACCADEMIE","FRIULI VENEZIA GIULIA","RdO","13","182945,61",,"92,3076923076923","5,91666666666667","20,11","2","2"
"2018","ISTITUTI/ENTI DI RICERCA","LAZIO","RdO","2473","33535475,64",,"68,4507042253521","349,156378600823","11,36","14","115"
"2018","ISTITUTI/ENTI DI RICERCA","MARCHE","RdO","26","177433,8",,"100","59,9615384615385","6,44","2","2"
"2018","ISTITUTI/ENTI DI RICERCA","PUGLIA","RdO","372","1900133,86",,"40,3743315508021","347,655629139073","11,86","2","23"
"2018","ISTITUTI/ENTI DI RICERCA","UMBRIA","RdO","38","161630,38",,"97,3684210526316","426,756756756757","8,07","2","5"
"2018","ISTITUTI/ENTI DI RICERCA","VENETO","RdO","187","784267,91",,"47,5935828877005","76,6179775280899","9,27","2","8"
"2018","ISTITUTI/ENTI DI RICERCA","ABRUZZO","RdO","134","1966106,88",,"75,5555555555556","231,43137254902","12,37","4","4"
"2018","ISTITUTI/ENTI DI RICERCA","LIGURIA","RdO","25","96503,16",,"68","197,882352941176","10,61","1","6"
"2018","ISTITUTI/ENTI DI RICERCA","SICILIA","RdO","315","3664561,49",,"73,8170347003155","39,482905982906","11,47","4","24"
"2018","ISTITUTI/ENTI DI RICERCA","TOSCANA","RdO","493","4910744,31",,"76,1133603238866","310,965425531915","9,68","3","30"
"2018","ISTITUTI/ENTI DI RICERCA","CALABRIA","RdO","119","441191,23",,"73,5537190082645","38,6629213483146","8,92","1","11"
"2018","ISTITUTI/ENTI DI RICERCA","CAMPANIA","RdO","555","2982071,54",,"63,8640429338104","379,257703081232","11,82","3","37"
"2018","ISTITUTI/ENTI DI RICERCA","PIEMONTE","RdO","71","1211590,12",,"61,9718309859155","136,295454545455","12,17","4","9"
"2018","ISTITUTI/ENTI DI RICERCA","SARDEGNA","RdO","91","1078320,86",,"48,9130434782609","3,97777777777778","10,78","3","12"
"2018","ISTITUTI/ENTI DI RICERCA","LOMBARDIA","RdO","279","1478950,79",,"53,405017921147","370","10,7","2","24"
"2018","ISTITUTI/ENTI DI RICERCA","BASILICATA","RdO","19","183009",,"21,0526315789474","5849,75","16,38","1","1"
"2018","ISTITUTI/ENTI DI RICERCA","EMILIA ROMAGNA","RdO","304","1663537,75",,"79,4788273615635","260,713114754098","14,09","4","13"
"2018","ISTITUTI/ENTI DI RICERCA","TRENTINO ALTO ADIGE","RdO","42","167252,99",,"50","38,8571428571429","11,81","3","5"
"2018","ISTITUTI/ENTI DI RICERCA","FRIULI VENEZIA GIULIA","RdO","152","1847501,43",,"70,7792207792208","320,532110091743","12,29","5","17"
"2018","ASSOCIAZIONI E FONDAZIONI","LAZIO","RdO","132","4077834,37",,"80,3030303030303","1418,65094339623","12,97","13","23"
"2018","ASSOCIAZIONI E FONDAZIONI","MOLISE","RdO","1","3500",,"100","3","5,04","1","1"
"2018","ASSOCIAZIONI E FONDAZIONI","PUGLIA","RdO","44","324990",,"95,4545454545455","3010,14285714286","4,51","1","1"
"2018","ASSOCIAZIONI E FONDAZIONI","UMBRIA","RdO","65","1046855,79",,"98,4615384615385","5,46875","4,46","3","3"
"2018","ASSOCIAZIONI E FONDAZIONI","VENETO","RdO","6","163949,98",,"83,3333333333333","7","12,78","3","3"
"2018","ASSOCIAZIONI E FONDAZIONI","SICILIA","RdO","156","6088492,6",,"19,8717948717949","25,1290322580645","17,08","6","7"
"2018","ASSOCIAZIONI E FONDAZIONI","TOSCANA","RdO","43","572229",,"44,1860465116279","5,94736842105263","9,24","4","4"
"2018","ASSOCIAZIONI E FONDAZIONI","CALABRIA","RdO","7","34824,14",,"100","1665,57142857143","9,18","2","2"
"2018","ASSOCIAZIONI E FONDAZIONI","CAMPANIA","RdO","246","879698",,"100","1,73983739837398","3,6","2","2"
"2018","ASSOCIAZIONI E FONDAZIONI","PIEMONTE","RdO","39","601030",,"97,4358974358974","306","10,81","5","7"
"2018","ASSOCIAZIONI E FONDAZIONI","SARDEGNA","RdO","29","103225,3",,"100","298,620689655172","4,18","2","2"
"2018","ASSOCIAZIONI E FONDAZIONI","LOMBARDIA","RdO","14","929759,5",,"100","3,21428571428571","14,61","6","6"
"2018","ASSOCIAZIONI E FONDAZIONI","BASILICATA","RdO","4","31000",,"100","85,75","8,64","1","1"
"2018","ASSOCIAZIONI E FONDAZIONI","VALLE D'AOSTA","RdO","8","38949",,"100","5,25","9,85","2","2"
"2018","ASSOCIAZIONI E FONDAZIONI","EMILIA ROMAGNA","RdO","30","457317,18",,"46,6666666666667","4,64285714285714","12,49","6","6"
"2018","ASSOCIAZIONI E FONDAZIONI","TRENTINO ALTO ADIGE","RdO","392","2847953,66",,"99,234693877551","121,431876606684","6,98","3","3"
"2018","ASSOCIAZIONI E FONDAZIONI","FRIULI VENEZIA GIULIA","RdO","31","364618,05",,"100","4,54838709677419","9,6","3","3"
"2018","UNIVERSITA' E POLITECNICI","LAZIO","RdO","2154","22071210,23",,"77,6492364645997","223,650178784267","10,91","6","148"
"2018","UNIVERSITA' E POLITECNICI","MARCHE","RdO","259","4274815,64",,"92,3076923076923","7,10416666666667","10,82","5","31"
"2018","UNIVERSITA' E POLITECNICI","MOLISE","RdO","89","953198,46",,"74,1573033707865","719,69696969697","14,62","1","5"
"2018","UNIVERSITA' E POLITECNICI","PUGLIA","RdO","1286","10318995,5",,"85,6920684292379","70,7350272232305","10,14","4","52"
"2018","UNIVERSITA' E POLITECNICI","UMBRIA","RdO","133","1820168,24",,"86,4661654135338","39,3217391304348","9,32","2","16"
"2018","UNIVERSITA' E POLITECNICI","VENETO","RdO","2643","26281992,74",,"75,8503401360544","152,435974090683","9,79","4","84"
"2018","UNIVERSITA' E POLITECNICI","ABRUZZO","RdO","582","5768891,86",,"97,2508591065292","88,0106007067138","8,01","3","31"
"2018","UNIVERSITA' E POLITECNICI","LIGURIA","RdO","528","6651068,58",,"69,2452830188679","265,198910081744","12,53","1","61"
"2018","UNIVERSITA' E POLITECNICI","SICILIA","RdO","1993","20916410,38",,"81,6774837743385","441,533618581907","12,09","4","67"
"2018","UNIVERSITA' E POLITECNICI","TOSCANA","RdO","759","7811060,41",,"84,9802371541502","78,9441860465116","9,09","8","75"
"2018","UNIVERSITA' E POLITECNICI","CALABRIA","RdO","675","4772041,65",,"80,6499261447563","1165,15201465201","10,45","3","36"
"2018","UNIVERSITA' E POLITECNICI","CAMPANIA","RdO","1428","24095470,97",,"64,7386759581882","385,40581270183","12,37","7","99"
"2018","UNIVERSITA' E POLITECNICI","PIEMONTE","RdO","2823","34334108,69",,"58,5633404104742","49,2779456193353","9,46","3","79"
"2018","UNIVERSITA' E POLITECNICI","SARDEGNA","RdO","1238","11278632,63",,"96,6265060240964","2199,50207813799","9,26","2","55"
"2018","UNIVERSITA' E POLITECNICI","LOMBARDIA","RdO","3288","35910196,02",,"82,5493171471927","469,873529411765","7,45","8","131"
"2018","UNIVERSITA' E POLITECNICI","BASILICATA","RdO","12","145720",,"100","10,3333333333333","17,4","1","3"
"2018","UNIVERSITA' E POLITECNICI","VALLE D'AOSTA","RdO","42","296663,27",,"100","3,9047619047619","11,47","1","3"
"2018","UNIVERSITA' E POLITECNICI","EMILIA ROMAGNA","RdO","893","13316735,24",,"88,6160714285714","43,0188916876574","11,39","4","82"
"2018","UNIVERSITA' E POLITECNICI","TRENTINO ALTO ADIGE","RdO","113","1774092,9",,"100","127,238938053097","9,98","2","7"
"2018","UNIVERSITA' E POLITECNICI","FRIULI VENEZIA GIULIA","RdO","625","6207073,2",,"76,555023923445","157,708333333333","12,61","3","20"
"2018","ENTI DI DIRITTO ALLO STUDIO","LAZIO","RdO","9","255856,47",,"100","335,444444444444","21,54","1","1"
"2018","ENTI DI DIRITTO ALLO STUDIO","MARCHE","RdO","17","2019924,97",,"82,3529411764706","1747,64285714286","17,32","1","1"
"2018","ENTI DI DIRITTO ALLO STUDIO","PUGLIA","RdO","1","6909",,"100","7","10,1","1","1"
"2018","ENTI DI DIRITTO ALLO STUDIO","UMBRIA","RdO","10","85465,51",,"60","75,5","11,91","1","1"
"2018","ENTI DI DIRITTO ALLO STUDIO","VENETO","RdO","31","1654473,61",,"100","7,83870967741936","14,94","3","5"
"2018","ENTI DI DIRITTO ALLO STUDIO","ABRUZZO","RdO","1","2815",,"100","1","4,99","1","1"
"2018","ENTI DI DIRITTO ALLO STUDIO","LIGURIA","RdO","5","56600",,"80","21","22,59","1","1"
"2018","ENTI DI DIRITTO ALLO STUDIO","SICILIA","RdO","9","1020121,68",,"88,8888888888889","66,5","13,1","2","3"
"2018","ENTI DI DIRITTO ALLO STUDIO","TOSCANA","RdO","5","90700",,"100","17,2","12,36","1","1"
"2018","ENTI DI DIRITTO ALLO STUDIO","CAMPANIA","RdO","11","651087,88",,"100","112,363636363636","11,92","1","5"
"2018","ENTI DI DIRITTO ALLO STUDIO","PIEMONTE","RdO","7","1010950",,"100","10,7142857142857","12,03","1","1"
"2018","ENTI DI DIRITTO ALLO STUDIO","SARDEGNA","RdO","5","62236,5",,"100","2940,8","22,31","2","3"
"2018","ENTI DI DIRITTO ALLO STUDIO","LOMBARDIA","RdO","7","115800",,"85,7142857142857","2,83333333333333","14,56","1","1"
"2018","ENTI DI DIRITTO ALLO STUDIO","EMILIA ROMAGNA","RdO","5","184280",,"100","11,4","21,96","1","1"
"2018","ENTI DI DIRITTO ALLO STUDIO","FRIULI VENEZIA GIULIA","RdO","2","1410420,96",,"100","112,5","27,34","1","1"
"2018","MINISTERI E AGENZIE FISCALI","LAZIO","RdO","16050","438635563,35",,"91,5037128712871","219,824237505917","11,22","16","851"
"2018","MINISTERI E AGENZIE FISCALI","MARCHE","RdO","2007","25299961,43",,"92,6331508213041","634,711982804944","12,01","11","182"
"2018","MINISTERI E AGENZIE FISCALI","MOLISE","RdO","357","4934375,79",,"92,7170868347339","166,679758308157","13,46","8","70"
"2018","MINISTERI E AGENZIE FISCALI","PUGLIA","RdO","8938","118639738,32",,"92,6785714285714","608,840197495183","9,36","13","467"
"2018","MINISTERI E AGENZIE FISCALI","UMBRIA","RdO","1023","11829128,74",,"92,6686217008798","302,172995780591","10,84","10","105"
"2018","MINISTERI E AGENZIE FISCALI","VENETO","RdO","3723","67097369,74",,"94,3835250066863","686,858033437234","11,13","12","383"
"2018","MINISTERI E AGENZIE FISCALI","ABRUZZO","RdO","1083","24356386,44",,"90,67405355494","78,081466395112","13,45","10","164"
"2018","MINISTERI E AGENZIE FISCALI","LIGURIA","RdO","3266","39885478,5",,"96,8195718654434","229,421036007581","9,9","12","143"
"2018","MINISTERI E AGENZIE FISCALI","SICILIA","RdO","6366","84283904,49",,"84,4482650828384","660,903387007218","10,58","12","466"
"2018","MINISTERI E AGENZIE FISCALI","TOSCANA","RdO","3643","41111819,01",,"93,7789904502046","293,834448647076","12,17","13","349"
"2018","MINISTERI E AGENZIE FISCALI","CALABRIA","RdO","2477","51073167,22",,"86,9670152855994","176,379740980574","13,73","11","418"
"2018","MINISTERI E AGENZIE FISCALI","CAMPANIA","RdO","6429","91994288,26",,"91,8212739641311","195,303418083853","9,98","13","619"
"2018","MINISTERI E AGENZIE FISCALI","PIEMONTE","RdO","2474","37862063,93",,"89,4524959742351","151,632763276328","13,41","11","343"
"2018","MINISTERI E AGENZIE FISCALI","SARDEGNA","RdO","2737","32029426,97",,"89,0710382513661","947,956646216769","11","12","214"
"2018","MINISTERI E AGENZIE FISCALI","LOMBARDIA","RdO","5427","73573484,97",,"95,6817346563763","270,429998079508","10,91","13","756"
"2018","MINISTERI E AGENZIE FISCALI","BASILICATA","RdO","327","10302262,37",,"95,1367781155015","53,5527156549521","15,95","8","87"
"2018","MINISTERI E AGENZIE FISCALI","VALLE D'AOSTA","RdO","140","1046216,07",,"95","129,744360902256","13,39","4","26"
"2018","MINISTERI E AGENZIE FISCALI","EMILIA ROMAGNA","RdO","2735","38904433,49",,"92,1789741724263","191,907655880032","12,32","13","364"
"2018","MINISTERI E AGENZIE FISCALI","TRENTINO ALTO ADIGE","RdO","883","9314181,17",,"76,7676767676768","574,137426900585","13,26","9","30"
"2018","MINISTERI E AGENZIE FISCALI","FRIULI VENEZIA GIULIA","RdO","1487","22574135,14",,"97,9208584842388","241,593150684932","11,23","11","161"
"2018","COMITATI E ORDINI PROFESSIONALI","LAZIO","RdO","27","1062097",,"81,4814814814815","6,22727272727273","15,04","7","8"
"2018","COMITATI E ORDINI PROFESSIONALI","PUGLIA","RdO","4","42700",,"100","183,5","7,78","2","2"
"2018","COMITATI E ORDINI PROFESSIONALI","ABRUZZO","RdO","1","2500",,"0",,"10,37","1","1"
"2018","COMITATI E ORDINI PROFESSIONALI","SICILIA","RdO","3","37624,16",,"100","1,66666666666667","20,91","1","1"
"2018","COMITATI E ORDINI PROFESSIONALI","PIEMONTE","RdO","2","2111,9",,"100","17,5","8,66","1","1"
"2018","COMITATI E ORDINI PROFESSIONALI","LOMBARDIA","RdO","1","550",,"100","4","5,02","1","1"
"2018","COMITATI E ORDINI PROFESSIONALI","EMILIA ROMAGNA","RdO","2","3400",,"100","778","14,92","1","1"
"2018","ENTI, ISTITUTI E FONDI PREVIDENZIALI","LAZIO","RdO","270","26267986,16",,"86,6666666666667","50,1623931623932","19,74","13","23"
"2018","ENTI, ISTITUTI E FONDI PREVIDENZIALI","MARCHE","RdO","28","2944298,61",,"89,2857142857143","730,8","13,95","2","2"
"2018","ENTI, ISTITUTI E FONDI PREVIDENZIALI","MOLISE","RdO","14","379461,72",,"50","22,1428571428571","23,93","2","2"
"2018","ENTI, ISTITUTI E FONDI PREVIDENZIALI","PUGLIA","RdO","56","2288691,28",,"77,1929824561403","18,0909090909091","12,83","2","2"
"2018","ENTI, ISTITUTI E FONDI PREVIDENZIALI","UMBRIA","RdO","9","109600",,"88,8888888888889","113,625","15,61","2","2"
"2018","ENTI, ISTITUTI E FONDI PREVIDENZIALI","VENETO","RdO","54","1922811,84",,"88,8888888888889","166,208333333333","16,99","2","2"
"2018","ENTI, ISTITUTI E FONDI PREVIDENZIALI","ABRUZZO","RdO","24","1438063,93",,"100","30,375","14,08","2","2"
"2018","ENTI, ISTITUTI E FONDI PREVIDENZIALI","LIGURIA","RdO","22","383012",,"100","13,3181818181818","14,75","2","2"
"2018","ENTI, ISTITUTI E FONDI PREVIDENZIALI","SICILIA","RdO","32","2841253,13",,"96,875","15,1935483870968","19,65","2","2"
"2018","ENTI, ISTITUTI E FONDI PREVIDENZIALI","TOSCANA","RdO","30","1536912,37",,"96,6666666666667","8,13793103448276","13,47","2","4"
"2018","ENTI, ISTITUTI E FONDI PREVIDENZIALI","CALABRIA","RdO","33","792383,4",,"63,6363636363636","532,904761904762","22,06","2","2"
"2018","ENTI, ISTITUTI E FONDI PREVIDENZIALI","CAMPANIA","RdO","7","167000",,"28,5714285714286","7,5","13,49","1","1"
"2018","ENTI, ISTITUTI E FONDI PREVIDENZIALI","PIEMONTE","RdO","43","2522092,53",,"90,6976744186046","499,25641025641","16,91","2","2"
"2018","ENTI, ISTITUTI E FONDI PREVIDENZIALI","SARDEGNA","RdO","13","1518497,37",,"69,2307692307692","31,7777777777778","18,74","2","3"
"2018","ENTI, ISTITUTI E FONDI PREVIDENZIALI","LOMBARDIA","RdO","30","1286400,99",,"70","125,47619047619","20,78","2","2"
"2018","ENTI, ISTITUTI E FONDI PREVIDENZIALI","BASILICATA","RdO","14","88322,89",,"92,8571428571429","17","16,23","2","2"
"2018","ENTI, ISTITUTI E FONDI PREVIDENZIALI","VALLE D'AOSTA","RdO","1","1200",,"0",,"13,88","1","1"
"2018","ENTI, ISTITUTI E FONDI PREVIDENZIALI","EMILIA ROMAGNA","RdO","33","2106785,39",,"69,6969696969697","1461,91304347826","21,01","2","2"
"2018","ENTI, ISTITUTI E FONDI PREVIDENZIALI","TRENTINO ALTO ADIGE","RdO","21","467323,24",,"100","774,809523809524","12,4","2","2"
"2018","ENTI, ISTITUTI E FONDI PREVIDENZIALI","FRIULI VENEZIA GIULIA","RdO","21","742771,47",,"100","379,142857142857","15,07","2","2"
"2018","AZIENDE SANITARIE LOCALI E PROVINCIALI","LAZIO","RdO","810","37224210,71",,"59,7530864197531","607,204545454545","17,82","10","31"
"2018","AZIENDE SANITARIE LOCALI E PROVINCIALI","MARCHE","RdO","1702","36204628,64",,"66,315172817809","68,0371024734982","10,9","1","31"
"2018","AZIENDE SANITARIE LOCALI E PROVINCIALI","MOLISE","RdO","615","5020412",,"98,6991869918699","13,0263591433278","9,72","1","2"
"2018","AZIENDE SANITARIE LOCALI E PROVINCIALI","PUGLIA","RdO","35","1940848,81",,"51,4285714285714","2096,66666666667","13,41","5","8"
"2018","AZIENDE SANITARIE LOCALI E PROVINCIALI","UMBRIA","RdO","375","14957156,26",,"96,2666666666667","5,36842105263158","11,2","2","7"
"2018","AZIENDE SANITARIE LOCALI E PROVINCIALI","VENETO","RdO","612","19814052,08",,"93,3115823817292","90,7884615384615","11,84","10","57"
"2018","AZIENDE SANITARIE LOCALI E PROVINCIALI","ABRUZZO","RdO","522","30111829,81",,"81,0344827586207","334,978723404255","15,46","4","14"
"2018","AZIENDE SANITARIE LOCALI E PROVINCIALI","LIGURIA","RdO","497","10428908,83",,"99","24,8363636363636","11,81","5","12"
"2018","AZIENDE SANITARIE LOCALI E PROVINCIALI","SICILIA","RdO","1999","76309798,84",,"30,1","440,282392026578","14","9","41"
"2018","AZIENDE SANITARIE LOCALI E PROVINCIALI","TOSCANA","RdO","16","690335,36",,"50","7","8,54","3","5"
"2018","AZIENDE SANITARIE LOCALI E PROVINCIALI","CALABRIA","RdO","386","13993597,11",,"49,3573264781491","521,078125","17,54","5","18"
"2018","AZIENDE SANITARIE LOCALI E PROVINCIALI","CAMPANIA","RdO","2274","56117642,15",,"31,0496267018006","1114,18670438472","12,31","7","32"
"2018","AZIENDE SANITARIE LOCALI E PROVINCIALI","PIEMONTE","RdO","1213","126734164,27",,"73,9917695473251","649,64404894327","14,43","12","49"
"2018","AZIENDE SANITARIE LOCALI E PROVINCIALI","SARDEGNA","RdO","419","10303952,69",,"90,4761904761905","255,255263157895","11,93","1","31"
"2018","AZIENDE SANITARIE LOCALI E PROVINCIALI","LOMBARDIA","RdO","221","1298326,55",,"97,737556561086","576,75","8,92","6","10"
"2018","AZIENDE SANITARIE LOCALI E PROVINCIALI","BASILICATA","RdO","820","13860733,98",,"78,9281364190012","1409,6712962963","12,77","2","8"
"2018","AZIENDE SANITARIE LOCALI E PROVINCIALI","VALLE D'AOSTA","RdO","24","1492790",,"87,5","19,1428571428571","19,02","1","5"
"2018","AZIENDE SANITARIE LOCALI E PROVINCIALI","EMILIA ROMAGNA","RdO","429","21241258,08",,"91,415313225058","6,23350253807107","12,26","8","28"
"2018","AZIENDE SANITARIE LOCALI E PROVINCIALI","TRENTINO ALTO ADIGE","RdO","285","4914199,26",,"99,2982456140351","5,19434628975265","10,99","2","11"
"2018","AZIENDE SANITARIE LOCALI E PROVINCIALI","FRIULI VENEZIA GIULIA","RdO","283","4891978,4",,"85,8657243816254","73,1316872427983","13,87","4","11"
"2018","AUTORITA' D'AMBITO, DI BACINO E PORTUALI","LAZIO","RdO","9","134488",,"100","3,33333333333333","6,7","2","3"
"2018","AUTORITA' D'AMBITO, DI BACINO E PORTUALI","MARCHE","RdO","8","74642,5",,"50","5,5","14,48","4","4"
"2018","AUTORITA' D'AMBITO, DI BACINO E PORTUALI","PUGLIA","RdO","34","1664444,51",,"94,1176470588235","1441,78125","16,01","3","5"
"2018","AUTORITA' D'AMBITO, DI BACINO E PORTUALI","UMBRIA","RdO","1","24500",,"100","5","14,96","1","1"
"2018","AUTORITA' D'AMBITO, DI BACINO E PORTUALI","VENETO","RdO","61","934009,38",,"96,7213114754098","9","11,3","6","7"
"2018","AUTORITA' D'AMBITO, DI BACINO E PORTUALI","LIGURIA","RdO","97","5453621,47",,"74,2268041237113","39,3333333333333","11,98","1","3"
"2018","AUTORITA' D'AMBITO, DI BACINO E PORTUALI","SICILIA","RdO","43","3156198,49",,"62,7906976744186","9,07407407407407","13,81","8","9"
"2018","AUTORITA' D'AMBITO, DI BACINO E PORTUALI","TOSCANA","RdO","28","439824",,"86,2068965517241","2010,84","12,47","3","6"
"2018","AUTORITA' D'AMBITO, DI BACINO E PORTUALI","CALABRIA","RdO","7","111840",,"100","9,14285714285714","8,63","1","1"
"2018","AUTORITA' D'AMBITO, DI BACINO E PORTUALI","CAMPANIA","RdO","33","2502476,31",,"87,8787878787879","387,172413793103","16,22","4","5"
"2018","AUTORITA' D'AMBITO, DI BACINO E PORTUALI","PIEMONTE","RdO","1","1000",,"100","1","3,96","1","1"
"2018","AUTORITA' D'AMBITO, DI BACINO E PORTUALI","SARDEGNA","RdO","33","1525550,94",,"93,9393939393939","25,5161290322581","12,06","2","7"
"2018","AUTORITA' D'AMBITO, DI BACINO E PORTUALI","LOMBARDIA","RdO","3","26400",,"100","2","4,31","2","2"
"2018","AUTORITA' D'AMBITO, DI BACINO E PORTUALI","EMILIA ROMAGNA","RdO","23","244290,06",,"95,6521739130435","12,2272727272727","12,81","1","3"
"2018","AUTORITA' D'AMBITO, DI BACINO E PORTUALI","FRIULI VENEZIA GIULIA","RdO","32","858564,13",,"96,875","3,93548387096774","12,04","1","4"
"2018","ORGANI COSTITUZIONALI E ORGANI DELLO STATO","LAZIO","RdO","407","19480043,3",,"77,1498771498772","129,009554140127","15,1","9","54"
"2018","ORGANI COSTITUZIONALI E ORGANI DELLO STATO","MARCHE","RdO","15","108212,39",,"93,3333333333333","5,64285714285714","13,05","3","3"
"2018","ORGANI COSTITUZIONALI E ORGANI DELLO STATO","MOLISE","RdO","4","4380",,"100","10","6,44","2","2"
"2018","ORGANI COSTITUZIONALI E ORGANI DELLO STATO","PUGLIA","RdO","27","353302,62",,"100","318,925925925926","14,63","3","5"
"2018","ORGANI COSTITUZIONALI E ORGANI DELLO STATO","UMBRIA","RdO","6","20235",,"100","617,333333333333","10,79","2","2"
"2018","ORGANI COSTITUZIONALI E ORGANI DELLO STATO","VENETO","RdO","27","1054456,25",,"100","22,4444444444444","21,08","3","5"
"2018","ORGANI COSTITUZIONALI E ORGANI DELLO STATO","ABRUZZO","RdO","5","32780",,"80","7,25","11,34","3","5"
"2018","ORGANI COSTITUZIONALI E ORGANI DELLO STATO","LIGURIA","RdO","6","46460",,"100","4,33333333333333","14,25","2","2"
"2018","ORGANI COSTITUZIONALI E ORGANI DELLO STATO","SICILIA","RdO","52","386004,79",,"100","25,8269230769231","12,98","4","8"
"2018","ORGANI COSTITUZIONALI E ORGANI DELLO STATO","TOSCANA","RdO","7","62542,68",,"85,7142857142857","768,666666666667","13,9","2","2"
"2018","ORGANI COSTITUZIONALI E ORGANI DELLO STATO","CALABRIA","RdO","42","112770,68",,"90,4761904761905","371,631578947368","8,85","3","6"
"2018","ORGANI COSTITUZIONALI E ORGANI DELLO STATO","CAMPANIA","RdO","27","469903,62",,"96,2962962962963","1249,53846153846","15,27","4","6"
"2018","ORGANI COSTITUZIONALI E ORGANI DELLO STATO","PIEMONTE","RdO","15","303372,49",,"53,3333333333333","7,25","22,74","3","3"
"2018","ORGANI COSTITUZIONALI E ORGANI DELLO STATO","LOMBARDIA","RdO","42","757181,6",,"100","1145,28571428571","13,58","4","7"
"2018","ORGANI COSTITUZIONALI E ORGANI DELLO STATO","BASILICATA","RdO","6","5811,5",,"100","14","8,82","2","2"
"2018","ORGANI COSTITUZIONALI E ORGANI DELLO STATO","VALLE D'AOSTA","RdO","2","2079,9",,"50","1","18,14","1","1"
"2018","ORGANI COSTITUZIONALI E ORGANI DELLO STATO","EMILIA ROMAGNA","RdO","3","19950",,"100","4,33333333333333","5,09","2","3"
"2018","ORGANI COSTITUZIONALI E ORGANI DELLO STATO","TRENTINO ALTO ADIGE","RdO","7","69200",,"100","4,85714285714286","15,83","1","3"
"2018","ORGANI COSTITUZIONALI E ORGANI DELLO STATO","FRIULI VENEZIA GIULIA","RdO","7","14985",,"100","4,57142857142857","7,61","2","3"
"2018","AZIENDE ED ENTI DI SERVIZI SOCIO ASSISTENZIALI","LAZIO","RdO","11","282552",,"81,8181818181818","137,777777777778","14,84","2","6"
"2018","AZIENDE ED ENTI DI SERVIZI SOCIO ASSISTENZIALI","MARCHE","RdO","24","1881823,09",,"83,3333333333333","2,95","13","3","3"
"2018","AZIENDE ED ENTI DI SERVIZI SOCIO ASSISTENZIALI","PUGLIA","RdO","2","48284,3",,"100","3","13,86","2","2"
"2018","AZIENDE ED ENTI DI SERVIZI SOCIO ASSISTENZIALI","UMBRIA","RdO","14","41962,27",,"78,5714285714286","70","4,25","2","3"
"2018","AZIENDE ED ENTI DI SERVIZI SOCIO ASSISTENZIALI","VENETO","RdO","515","14366723,28",,"86,0194174757282","5,59593679458239","11,97","11","65"
"2018","AZIENDE ED ENTI DI SERVIZI SOCIO ASSISTENZIALI","LIGURIA","RdO","9","782186,05",,"100","547,222222222222","19,58","2","4"
"2018","AZIENDE ED ENTI DI SERVIZI SOCIO ASSISTENZIALI","SICILIA","RdO","5","1204143,9",,"100","6","18,26","3","3"
"2018","AZIENDE ED ENTI DI SERVIZI SOCIO ASSISTENZIALI","TOSCANA","RdO","70","726889",,"80","7,39285714285714","11,01","9","13"
"2018","AZIENDE ED ENTI DI SERVIZI SOCIO ASSISTENZIALI","PIEMONTE","RdO","36","2836321,12",,"100","5,19444444444444","14,71","4","10"
"2018","CONSORZI, UNIONI DI COMUNI, COMUNITA' MONTANE E ISOLANE","PIEMONTE","RdO","380","19718778,8",,"87,8947368421053","111,868263473054","12,46","72","105"
"2018","CONSORZI, UNIONI DI COMUNI, COMUNITA' MONTANE E ISOLANE","SARDEGNA","RdO","69","1501764,61",,"57,9710144927536","348,05","12,3","20","31"
"2018","CONSORZI, UNIONI DI COMUNI, COMUNITA' MONTANE E ISOLANE","LOMBARDIA","RdO","108","664658,34",,"98,1481481481482","28,9905660377358","6,47","35","40"
"2018","CONSORZI, UNIONI DI COMUNI, COMUNITA' MONTANE E ISOLANE","VALLE D'AOSTA","RdO","59","665523,4",,"71,1864406779661","79,0476190476191","8,83","9","15"
"2018","CONSORZI, UNIONI DI COMUNI, COMUNITA' MONTANE E ISOLANE","EMILIA ROMAGNA","RdO","534","24036549,69",,"79,2134831460674","60,5248226950355","14,09","40","137"
"2018","CONSORZI, UNIONI DI COMUNI, COMUNITA' MONTANE E ISOLANE","TRENTINO ALTO ADIGE","RdO","51","1229927,57",,"100","230,78431372549","9,99","9","11"
"2018","CONSORZI, UNIONI DI COMUNI, COMUNITA' MONTANE E ISOLANE","FRIULI VENEZIA GIULIA","RdO","189","8216664,12",,"97,8835978835979","17,2540540540541","11,38","22","42"
"2018","AZIENDE OSPEDALIERE, POLICLINICI, IRCCS e ISTITUTI ZOOPROFILATTICI","LAZIO","RdO","722","38799448,66",,"68,9750692520776","246,060240963855","17,2","8","29"
"2018","AZIENDE OSPEDALIERE, POLICLINICI, IRCCS e ISTITUTI ZOOPROFILATTICI","MARCHE","RdO","840","22736847,88",,"61,5658362989324","348,044315992293","12,44","3","13"
"2018","AZIENDE OSPEDALIERE, POLICLINICI, IRCCS e ISTITUTI ZOOPROFILATTICI","PUGLIA","RdO","489","14308695,04",,"40,8997955010225","370,85","12,73","5","10"
"2018","AZIENDE OSPEDALIERE, POLICLINICI, IRCCS e ISTITUTI ZOOPROFILATTICI","UMBRIA","RdO","414","10117639,42",,"98,792270531401","173,877750611247","14,15","3","3"
"2018","AZIENDE OSPEDALIERE, POLICLINICI, IRCCS e ISTITUTI ZOOPROFILATTICI","VENETO","RdO","315","20166977,95",,"76,7295597484277","57,3483606557377","15,24","4","16"
"2018","AZIENDE OSPEDALIERE, POLICLINICI, IRCCS e ISTITUTI ZOOPROFILATTICI","ABRUZZO","RdO","26","3077964,41",,"88,4615384615385","8,34782608695652","21,11","1","1"
"2018","AZIENDE OSPEDALIERE, POLICLINICI, IRCCS e ISTITUTI ZOOPROFILATTICI","LIGURIA","RdO","516","10048454,1",,"99,6131528046422","9,29708737864078","10,7","3","5"
"2018","AZIENDE OSPEDALIERE, POLICLINICI, IRCCS e ISTITUTI ZOOPROFILATTICI","SICILIA","RdO","782","52517523,68",,"25,765306122449","1000,14851485149","17,55","10","28"
"2018","AZIENDE OSPEDALIERE, POLICLINICI, IRCCS e ISTITUTI ZOOPROFILATTICI","TOSCANA","RdO","28","1660899,76",,"50","220,857142857143","12,8","3","7"
"2018","AZIENDE OSPEDALIERE, POLICLINICI, IRCCS e ISTITUTI ZOOPROFILATTICI","CALABRIA","RdO","649","29424324,82",,"69,9386503067485","1730,52631578947","17,09","4","13"
"2018","AZIENDE OSPEDALIERE, POLICLINICI, IRCCS e ISTITUTI ZOOPROFILATTICI","CAMPANIA","RdO","2083","47071394,42",,"30,7765602667937","544,094427244582","13,44","10","27"
"2018","AZIENDE OSPEDALIERE, POLICLINICI, IRCCS e ISTITUTI ZOOPROFILATTICI","PIEMONTE","RdO","1155","41934673,73",,"53,2815198618307","685,815235008104","17,72","7","24"
"2018","AZIENDE OSPEDALIERE, POLICLINICI, IRCCS e ISTITUTI ZOOPROFILATTICI","SARDEGNA","RdO","328","9564198,64",,"96,0365853658537","30,1269841269841","14,13","4","8"
"2018","AZIENDE OSPEDALIERE, POLICLINICI, IRCCS e ISTITUTI ZOOPROFILATTICI","LOMBARDIA","RdO","1376","8964511,26",,"87,5726744186046","309,679668049793","9,29","28","46"
"2018","AZIENDE OSPEDALIERE, POLICLINICI, IRCCS e ISTITUTI ZOOPROFILATTICI","BASILICATA","RdO","371","19358823,47",,"48,5175202156334","3579,30555555556","17,29","2","9"
"2018","AZIENDE OSPEDALIERE, POLICLINICI, IRCCS e ISTITUTI ZOOPROFILATTICI","EMILIA ROMAGNA","RdO","162","8649976,95",,"95,0617283950617","37,0714285714286","14,64","7","12"
"2018","AZIENDE OSPEDALIERE, POLICLINICI, IRCCS e ISTITUTI ZOOPROFILATTICI","FRIULI VENEZIA GIULIA","RdO","274","6506747,15",,"97,8339350180505","3,36162361623616","8,77","3","10"
"2018","AZIENDE, ISTITUTI, SOCIETA', CONSORZI ED ENTI DI SERVIZI SANITARI PUBBLICI","LAZIO","RdO","145","4801755,64",,"99,3103448275862","344,013888888889","13,32","4","8"
"2018","AZIENDE, ISTITUTI, SOCIETA', CONSORZI ED ENTI DI SERVIZI SANITARI PUBBLICI","MARCHE","RdO","7","402228,54",,"0",,"17,33","1","4"
"2018","AZIENDE, ISTITUTI, SOCIETA', CONSORZI ED ENTI DI SERVIZI SANITARI PUBBLICI","PUGLIA","RdO","14","250069,78",,"14,2857142857143","2825,5","13,02","3","6"
"2018","AZIENDE, ISTITUTI, SOCIETA', CONSORZI ED ENTI DI SERVIZI SANITARI PUBBLICI","LIGURIA","RdO","32","265852,95",,"62,5","16,1","4,56","1","2"
"2018","AZIENDE, ISTITUTI, SOCIETA', CONSORZI ED ENTI DI SERVIZI SANITARI PUBBLICI","SICILIA","RdO","2","37500",,"100","29,5","18,53","1","1"
"2018","AZIENDE, ISTITUTI, SOCIETA', CONSORZI ED ENTI DI SERVIZI SANITARI PUBBLICI","TOSCANA","RdO","12","391802,28",,"91,6666666666667","8","14,34","2","2"
"2018","AZIENDE, ISTITUTI, SOCIETA', CONSORZI ED ENTI DI SERVIZI SANITARI PUBBLICI","PIEMONTE","RdO","3","143245,96",,"100","8,66666666666667","18","1","1"
"2018","AZIENDE, ISTITUTI, SOCIETA', CONSORZI ED ENTI DI SERVIZI SANITARI PUBBLICI","LOMBARDIA","RdO","7","39562,2",,"100","1","2,92","1","1"
"2018","AZIENDE, ISTITUTI, SOCIETA', CONSORZI ED ENTI DI SERVIZI SANITARI PUBBLICI","BASILICATA","RdO","6","31904,31",,"100","45","7,58","1","1"
"2018","AZIENDE, ISTITUTI, SOCIETA', CONSORZI ED ENTI DI SERVIZI SANITARI PUBBLICI","EMILIA ROMAGNA","RdO","4","99749",,"100","2","4,66","1","1"
"2018","AZIENDE, ISTITUTI, SOCIETA', CONSORZI ED ENTI DI SERVIZI SANITARI PUBBLICI","TRENTINO ALTO ADIGE","RdO","3","8122",,"100","1","1,94","1","1"
"2018","AZIENDE, ISTITUTI, SOCIETA', CONSORZI ED ENTI DI SERVIZI SANITARI PUBBLICI","FRIULI VENEZIA GIULIA","RdO","125","3800151,12",,"95,2","38,2521008403361","17,51","2","6"
"2018","AZIENDE ED ENTI DI SERVIZI SOCIO ASSISTENZIALI","LOMBARDIA","RdO","27","269113",,"88,8888888888889","4,25","9,5","7","8"
"2018","AZIENDE ED ENTI DI SERVIZI SOCIO ASSISTENZIALI","EMILIA ROMAGNA","RdO","205","5483982,8",,"67,8048780487805","314,63309352518","14,64","26","36"
"2018","AZIENDE ED ENTI DI SERVIZI SOCIO ASSISTENZIALI","TRENTINO ALTO ADIGE","RdO","66","595014,76",,"95,5223880597015","302,171875","10,26","14","20"
"2018","AZIENDE ED ENTI DI SERVIZI SOCIO ASSISTENZIALI","FRIULI VENEZIA GIULIA","RdO","57","1875917,31",,"82,4561403508772","30,4255319148936","15,13","10","11"
"2018","ENTI DI VOLONTARIATO, ASSOCIAZIONI E FONDAZIONI","LAZIO","RdO","72","2002100",,"93,0555555555556","36,3582089552239","8,19","2","4"
"2018","ENTI DI VOLONTARIATO, ASSOCIAZIONI E FONDAZIONI","EMILIA ROMAGNA","RdO","1","8000",,"100","3","7,25","1","1"
"2018","AZIENDE ED ENTI TERRITORIALI DI SERVIZI PUBBLICI","LAZIO","RdO","511","21542577,61",,"79,6875","507,372549019608","12,73","51","70"
"2018","AZIENDE ED ENTI TERRITORIALI DI SERVIZI PUBBLICI","MARCHE","RdO","199","2506468,11",,"97,9899497487437","16,825641025641","10,48","15","18"
"2018","AZIENDE ED ENTI TERRITORIALI DI SERVIZI PUBBLICI","MOLISE","RdO","12","465810",,"75","4,55555555555556","19,58","4","4"
"2018","AZIENDE ED ENTI TERRITORIALI DI SERVIZI PUBBLICI","PUGLIA","RdO","208","14242276,72",,"82,2115384615385","124,122807017544","13,52","21","31"
"2018","AZIENDE ED ENTI TERRITORIALI DI SERVIZI PUBBLICI","UMBRIA","RdO","161","5620379,26",,"66,4596273291926","15,3177570093458","10,08","10","12"
"2018","AZIENDE ED ENTI TERRITORIALI DI SERVIZI PUBBLICI","VENETO","RdO","495","15152184,33",,"80,2020202020202","198,594458438287","11,17","38","55"
"2018","AZIENDE ED ENTI TERRITORIALI DI SERVIZI PUBBLICI","ABRUZZO","RdO","102","3142426,2",,"73,5294117647059","114,16","12,94","15","22"
"2018","AZIENDE ED ENTI TERRITORIALI DI SERVIZI PUBBLICI","LIGURIA","RdO","191","5225554,73",,"63,8743455497382","242,418032786885","10,88","21","23"
"2018","AZIENDE ED ENTI TERRITORIALI DI SERVIZI PUBBLICI","SICILIA","RdO","514","24242869,99",,"77,4757281553398","110,814536340852","13,99","39","57"
"2018","AZIENDE ED ENTI TERRITORIALI DI SERVIZI PUBBLICI","TOSCANA","RdO","262","4521424,78",,"61,4503816793893","159,39751552795","11,76","35","45"
"2018","AZIENDE ED ENTI TERRITORIALI DI SERVIZI PUBBLICI","CALABRIA","RdO","158","4589681,19",,"76,1006289308176","502,917355371901","16,29","12","14"
"2018","AZIENDE ED ENTI TERRITORIALI DI SERVIZI PUBBLICI","CAMPANIA","RdO","258","23547938,89",,"70,4980842911877","603,95652173913","13,34","47","53"
"2018","AZIENDE ED ENTI TERRITORIALI DI SERVIZI PUBBLICI","PIEMONTE","RdO","350","15568937,33",,"79,4285714285714","94,8776978417266","13,18","35","45"
"2018","AZIENDE ED ENTI TERRITORIALI DI SERVIZI PUBBLICI","SARDEGNA","RdO","584","10443408,06",,"57,3378839590444","787,747023809524","13,07","26","66"
"2018","AZIENDE ED ENTI TERRITORIALI DI SERVIZI PUBBLICI","LOMBARDIA","RdO","368","12820080,06",,"64,945652173913","168,73640167364","14,23","45","57"
"2018","AZIENDE ED ENTI TERRITORIALI DI SERVIZI PUBBLICI","BASILICATA","RdO","169","2804094,66",,"74,5562130177515","92,9523809523809","10,62","11","15"
"2018","AZIENDE ED ENTI TERRITORIALI DI SERVIZI PUBBLICI","VALLE D'AOSTA","RdO","104","1115798,6",,"70,1923076923077","351,630136986301","12,1","8","10"
"2018","AZIENDE ED ENTI TERRITORIALI DI SERVIZI PUBBLICI","EMILIA ROMAGNA","RdO","379","14525912,57",,"70,1846965699208","228,281954887218","13,69","43","61"
"2018","AZIENDE ED ENTI TERRITORIALI DI SERVIZI PUBBLICI","TRENTINO ALTO ADIGE","RdO","86","2343494,38",,"94,1860465116279","68,2962962962963","10,37","17","21"
"2018","AZIENDE ED ENTI TERRITORIALI DI SERVIZI PUBBLICI","FRIULI VENEZIA GIULIA","RdO","252","10774697,2",,"94,0711462450593","191,642857142857","12,12","19","32"
"2018","S.P.A. DELLO STATO E SOCIETA' PARTECIPATE STATALI","LAZIO","RdO","321","26885880,5",,"86,2928348909657","56,7436823104693","15,39","19","33"
"2018","S.P.A. DELLO STATO E SOCIETA' PARTECIPATE STATALI","PUGLIA","RdO","6","85215",,"16,6666666666667","20","14,11","1","1"
"2018","S.P.A. DELLO STATO E SOCIETA' PARTECIPATE STATALI","CAMPANIA","RdO","69","3287181,85",,"100","8,73913043478261","11,78","1","1"
"2018","S.P.A. DELLO STATO E SOCIETA' PARTECIPATE STATALI","VALLE D'AOSTA","RdO","1","20000",,"100","3","6,25","1","1"
"2018","ENTI PUBBLICI NON ECONOMICI DELLO STATO ED AUTHORITY","LAZIO","RdO","904","38361589,52",,"79,646017699115","168,491643454039","15,19","35","111"
"2018","ENTI PUBBLICI NON ECONOMICI DELLO STATO ED AUTHORITY","MARCHE","RdO","39","152676,17",,"100","19,3846153846154","13,38","2","7"
"2018","ENTI PUBBLICI NON ECONOMICI DELLO STATO ED AUTHORITY","MOLISE","RdO","6","72072,6",,"100","6,66666666666667","10,45","2","3"
"2018","ENTI PUBBLICI NON ECONOMICI DELLO STATO ED AUTHORITY","PUGLIA","RdO","146","1871425,16",,"96","50,4513888888889","10,82","3","9"
"2018","ENTI PUBBLICI NON ECONOMICI DELLO STATO ED AUTHORITY","UMBRIA","RdO","38","345086,59",,"97,3684210526316","1177,48648648649","11,41","2","6"
"2018","ENTI PUBBLICI NON ECONOMICI DELLO STATO ED AUTHORITY","VENETO","RdO","121","603031,12",,"100","6,09090909090909","11,4","3","13"
"2018","ENTI PUBBLICI NON ECONOMICI DELLO STATO ED AUTHORITY","ABRUZZO","RdO","20","195883,86",,"95","8,36842105263158","13,83","2","5"
"2018","ENTI PUBBLICI NON ECONOMICI DELLO STATO ED AUTHORITY","LIGURIA","RdO","27","195049",,"100","39,1111111111111","12,62","3","7"
"2018","ENTI PUBBLICI NON ECONOMICI DELLO STATO ED AUTHORITY","SICILIA","RdO","56","1354470,44",,"53,5714285714286","17,4333333333333","12,99","5","9"
"2018","ENTI PUBBLICI NON ECONOMICI DELLO STATO ED AUTHORITY","TOSCANA","RdO","108","841543,09",,"86,1111111111111","347,494623655914","12,94","4","19"
"2018","ENTI PUBBLICI NON ECONOMICI DELLO STATO ED AUTHORITY","CALABRIA","RdO","46","619931,06",,"63,0434782608696","8","17,84","4","9"
"2018","ENTI PUBBLICI NON ECONOMICI DELLO STATO ED AUTHORITY","CAMPANIA","RdO","123","2334080,5",,"100","10,4308943089431","14,69","4","15"
"2018","ENTI PUBBLICI NON ECONOMICI DELLO STATO ED AUTHORITY","PIEMONTE","RdO","60","581930,25",,"90","243,703703703704","17,68","3","13"
"2018","ENTI PUBBLICI NON ECONOMICI DELLO STATO ED AUTHORITY","SARDEGNA","RdO","26","430221,28",,"42,3076923076923","14,6363636363636","20,29","2","5"
"2018","ENTI PUBBLICI NON ECONOMICI DELLO STATO ED AUTHORITY","LOMBARDIA","RdO","118","3445175,24",,"71,1864406779661","76,3333333333333","19,85","6","26"
"2018","ENTI PUBBLICI NON ECONOMICI DELLO STATO ED AUTHORITY","BASILICATA","RdO","6","52273,73",,"100","9","9,06","1","1"
"2018","ENTI PUBBLICI NON ECONOMICI DELLO STATO ED AUTHORITY","VALLE D'AOSTA","RdO","4","32595,77",,"75","18,3333333333333","19,25","2","2"
"2018","ENTI PUBBLICI NON ECONOMICI DELLO STATO ED AUTHORITY","EMILIA ROMAGNA","RdO","127","947892,63",,"77,9527559055118","125,929292929293","12,42","3","17"
"2018","ENTI PUBBLICI NON ECONOMICI DELLO STATO ED AUTHORITY","FRIULI VENEZIA GIULIA","RdO","35","216498",,"97,1428571428571","7,41176470588235","14,11","2","8"
"2018","CONSORZI, UNIONI DI COMUNI, COMUNITA' MONTANE E ISOLANE","LAZIO","RdO","52","3065572,48",,"76,9230769230769","106,75","12,63","17","18"
"2018","CONSORZI, UNIONI DI COMUNI, COMUNITA' MONTANE E ISOLANE","MARCHE","RdO","38","3153844,93",,"76,3157894736842","5,44827586206897","14,92","13","17"
"2018","CONSORZI, UNIONI DI COMUNI, COMUNITA' MONTANE E ISOLANE","MOLISE","RdO","16","446835,34",,"93,75","3,8","4,9","4","5"
"2018","CONSORZI, UNIONI DI COMUNI, COMUNITA' MONTANE E ISOLANE","PUGLIA","RdO","80","7211461,1",,"78,75","17,2222222222222","12,6","18","20"
"2018","CONSORZI, UNIONI DI COMUNI, COMUNITA' MONTANE E ISOLANE","UMBRIA","RdO","20","1027986",,"90","8,11111111111111","15,21","7","9"
"2018","CONSORZI, UNIONI DI COMUNI, COMUNITA' MONTANE E ISOLANE","VENETO","RdO","226","6645621,21",,"90,2654867256637","78,6666666666667","8,57","40","61"
"2018","CONSORZI, UNIONI DI COMUNI, COMUNITA' MONTANE E ISOLANE","ABRUZZO","RdO","25","2558257",,"84","396,761904761905","5,89","4","4"
"2018","CONSORZI, UNIONI DI COMUNI, COMUNITA' MONTANE E ISOLANE","LIGURIA","RdO","28","647924,82",,"89,2857142857143","2,2","8,05","3","8"
"2018","CONSORZI, UNIONI DI COMUNI, COMUNITA' MONTANE E ISOLANE","SICILIA","RdO","52","4198516,37",,"98,0769230769231","11,9019607843137","8,32","6","6"
"2018","CONSORZI, UNIONI DI COMUNI, COMUNITA' MONTANE E ISOLANE","TOSCANA","RdO","60","933070,89",,"83,3333333333333","24,1","9,25","18","24"
"2018","CONSORZI, UNIONI DI COMUNI, COMUNITA' MONTANE E ISOLANE","CALABRIA","RdO","15","472018,85",,"86,6666666666667","40,5384615384615","12,67","3","4"
"2018","CONSORZI, UNIONI DI COMUNI, COMUNITA' MONTANE E ISOLANE","CAMPANIA","RdO","75","8251869,5",,"60","70,2444444444444","18,48","21","25"
